Season,Episode,Title,Year of Release,IMDB Rating,Arco
1,1,Ore wa Rufi! Kaizoku O ni Naru Otoko Da!,1999,7.8,Romance Dawn Arc
1,2,Daikengo Arawaru! Kaizokugari Roronoa Zor,1999,7.9,Romance Dawn Arc
1,3,Mogan tai Rufi! Nazo no Bishojo wa Dare?,1999,7.8,Romance Dawn Arc
1,4,Rufi no Kako! Akagami no Shankusu Toj,1999,8.4,Orange Town Arc
1,5,Kyofu Nazo no Chikara! Kaizoku Doke Bagi-sencho!,1999,7.6,Orange Town Arc
1,6,Zettai Zetsumei! Mojutsukai Moji VS Rufi!,1999,7.8,Orange Town Arc
1,7,Sozetsu Ketto! Kengo Zoro VS Kyokugei no Kabaji!,1999,7.7,Orange Town Arc
1,8,Shousha wa docchi? Akuma no mi no nouryoku taiketsu!,1999,7.8,Orange Town Arc
1,9,Seigi no usotsuki? Kyaputen Usoppu,2000,7.3,Syrup Village Arc
1,10,Chijou saikyou no hen na yatsu! Saiminjutsushi Jango,2000,7.5,Syrup Village Arc
1,11,Inbou o abake! Kaizoku shitsuji Kyaputen Kuro,2000,7.4,Syrup Village Arc
1,12,Gekitotsu! Kuroneko kaizokudan sakamichi no daikoubou!,2000,7.8,Syrup Village Arc
1,13,Kyoufu no futarigumi! Nyâban kyoudai vs Zoro,2000,7.8,Syrup Village Arc
1,14,Rufi fukkatsu! Kaya ojousama no kesshi no taikou,2000,7.7,Syrup Village Arc
1,15,Kuro o taose! Otoko Usoppu namida no ketsui!,2000,7.6,Syrup Village Arc
1,16,Kaya o mamore! Usoppu kaizokudan daikatsuyaku!,2000,7.7,Syrup Village Arc
1,17,Ikari bakuhatsu! Kuro vs Rufi kecchaku no yukue!,2000,8.1,Syrup Village Arc
1,18,Anta ga chunjuu! Gaimon to kimyou na nakama,2000,7.1,Syrup Village Arc
1,19,Santouryuu no kako! Zoro to Kuina no chikai!,2000,8.9,Baratie Arc
1,20,Manukarezaru kyaku! Sanji no meshi to Gin on,2000,7.7,Baratie Arc
1,21,Meibutsu kokku! Kaijou resutoran no Sanji,2000,7.8,Baratie Arc
1,22,Saikyou no kaizoku kantai! Teitoku Don Kurîku,2000,7.6,Baratie Arc
1,23,Mamore Baratie! Daikaizoku akaashi no Zefu,2000,7.8,Baratie Arc
1,24,Tama no me no Mihôku! Kenzoku Zoro umi ni chiru,2000,9.1,Baratie Arc
1,25,Hissatsu ashiwaza sakuretsu! Sanji vs Teppeki no Pâru,2000,7.6,Baratie Arc
1,26,Zefu to Sanji no yume Maboroshi no ôru burû,2000,8.8,Baratie Arc
1,27,Reitetsu hijou no kijin Kaizoku kantai soutaichou Gin,2000,7.6,Baratie Arc
1,28,Shinaneeyo! Gekitou Rufi vs Kurîku!,2000,7.7,Baratie Arc
1,29,Shitou no Ketchaku! Hara ni Kukutta Ippon no Yari!,2000,7.9,Baratie Arc
1,30,Tabidachi! Umi no kokku wa Rufi to tomoni,2000,8.3,Baratie Arc
1,31,Higashi no Umi Saiaku no Otoko! Gyojin Kaizoku Arlong!,2000,7.7,Arlong Park Arc
1,32,Cocoyashi Mura no Majo! Arlong no Onna Kanbu,2000,7.8,Arlong Park Arc
1,33,Usopp Shisu?! Luffy Jouriku wa Mada?,2000,7.9,Arlong Park Arc
1,34,Zen'in Shuuketsu! Usopp ga Kataru Nami no Shinjitsu,2000,7.6,Arlong Park Arc
1,35,Himerareta Kako! Onna Senshi Bell-mere!,2000,8.1,Arlong Park Arc
1,36,Ikinuke! Haha Bellemere to Nami no Kizuna!,2000,8.9,Arlong Park Arc
1,37,Luffy Tatsu! Uragirareta Yakusoku no Ketsumatsu!,2000,9.1,Arlong Park Arc
1,38,Luffy Dai Pinch! Gyojin Tai Luffy Kaizokudan,2000,8.3,Arlong Park Arc
1,39,Luffy Suibotsu! Zoro vs Tako no Hacchan,2000,8.1,Arlong Park Arc
1,40,Hokoritakaki Senshi! Gekitou Sanji to Usopp,2000,8.1,Arlong Park Arc
1,41,Luffy Zenkai! Nami no Ketsui to Mugiwara Boushi,2000,8.1,Arlong Park Arc
1,42,Sakuretsu! Gyojin Arlong Umi kara no Moukougeki!,2000,8.1,Arlong Park Arc
1,43,Gyojin Teikoku no Owari! Nami wa Ore no Nakama Da!,2000,8.8,Arlong Park Arc
1,44,Egao no Tabidachi! Saraba Furusato Cocoyashi Mura,2000,7.9,Arlong Park Arc
1,45,Joukinkubi! Mugiwara no Luffy Yo ni Shirewataru,2000,7.8,Arlong Park Arc
1,46,Mugiwara o Oe! Chiisana Buggy no Daibouken,2000,6.4,Buggy Side Story Arc
1,47,Omachikane! Aa Fukkatsu no Buggy Senchou!,2000,6.3,Buggy Side Story Arc
1,48,Hajimari to Owari no Machi: Loguetown Jouriku,2000,7.9,Loguetown Arc
1,49,Sandai Kitetsu to Yubashiri! Zoro no Shintou to Onna Souchou,2000,8.0,Loguetown Arc
1,50,Usopp Tai Kozure no Daddy: Mahiru no Kettou,2000,7.5,Loguetown Arc
1,51,Honoo no Ryouri Battle? Sanji VS Bijin Chef,2000,7.0,Loguetown Arc
1,52,Buggy no Revenge! Shokeidai de Warau Otoko!,2000,8.3,Loguetown Arc
1,53,Densetsu wa Hajimatta! Mezase Grand Line,2001,8.6,Loguetown Arc
1,54,Aratanaru Bouken no Yokan! Nazo no Shoujo Apis,2001,7.2,Warship Island Arc
1,55,Kiseki no Seibutsu! Apis no Himitsu to Densetsu no Shima,2001,6.9,Warship Island Arc
1,56,Eric Shutsugeki! Gunkanjima kara no Daidasshutsu!,2001,6.8,Warship Island Arc
1,57,Zekkai no Kotou! Densetsu no Lost Island,2001,6.7,Warship Island Arc
1,58,Haikyo no Kettou! Kinpaku no Zoro VS Erik!,2001,6.8,Warship Island Arc
1,59,Luffy Kanzen Houi! Teitoku Nelson no Hisaku,2001,7.2,Warship Island Arc
1,60,Oozora o Mau Mono! Yomigaeru Sennen no Densetsu!,2001,7.3,Warship Island Arc
1,61,Ikari no Kecchaku! Red Line o Norikoero!,2001,7.7,Warship Island Arc
2,62,Saisho no Toride? Kyodai Kujira Laboon Arawaru,2001,7.8,Reverse Mountain Arc
2,63,Otoko no Yakusoku! Luffy to Kujira Saikai no Chikai,2001,7.6,Reverse Mountain Arc
2,64,Kaizoku Kangei no Machi? Whiskey Peak Jouriku,2001,7.7,Whiskey Peak Arc
2,65,Sakuretsu Santouryuu! Zoro VS Baroque Works!,2001,8.3,Whiskey Peak Arc
2,66,Shinken Shoubu! Luffy VS Zoro Nazo no Daikettou!,2001,8.1,Whiskey Peak Arc
2,67,Oujo Vivi o Todokero! Luffy Kaizoku Dan Shukkou,2001,7.9,Whiskey Peak Arc
2,68,Ganbare Coby! Coby-Meppo Kaigun Funtou Ki,2001,6.9,Koby and Helmeppo Arc
2,69,Coby-Meppo no Ketsui! Garp Chuujou no Oyagokoro,2001,6.9,Koby and Helmeppo Arc
2,70,Taiko no Shima! Little Garden ni Hisomu Kage!,2001,7.3,Little Garden Arc
2,71,Dekkai Kettou! Kyojin Dorry to Brogy,2001,7.5,Little Garden Arc
2,72,Luffy Ikaru! Seinaru Kettou ni Hiretsu na Wana!,2001,7.4,Little Garden Arc
2,73,Brogy Shouri no Goukyuu! Elbaf no Kecchaku,2001,7.5,Little Garden Arc
2,74,Ma no Candle! Munen no Namida to Ikari no Namida,2001,7.7,Little Garden Arc
2,75,Luffy o Osou Maryoku! Colors Trap,2001,7.8,Little Garden Arc
2,76,Iza Hangeki! Usopp no Kiten to Kaenboshi!,2001,7.8,Little Garden Arc
2,77,Saraba Kyojin no Shima! Arabasuta o Mezase,2001,7.6,Little Garden Arc
3,78,Nami ga Byouki? Umi ni Furu Yuki no Mukou ni!,2001,7.4,Drum Island Arc
3,79,Kishuu! Bliking Gou to Blik no Wapol,2001,7.7,Drum Island Arc
3,80,Isha no Inai Shima? Na mo Naki Kuni no Bouken!,2001,7.9,Drum Island Arc
3,81,Happy kai? Majo to Yobareta Isha!,2001,7.8,Drum Island Arc
3,82,Dolton no Kakugo! Wapol Gundan Shima ni Jouriku,2001,7.8,Drum Island Arc
3,83,Yuki no Sumu Shima! Drum-Rocky o Nobore!,2001,8.1,Drum Island Arc
3,84,Tonakai wa Aoppana! Chopper no Himitsu,2001,8.0,Drum Island Arc
3,85,Hamidashi Mono no Yume! Yabuisha Hiluluk!,2001,8.8,Drum Island Arc
3,86,Hiluluk no Sakura to Uketsugareyuku Ishi!,2001,9.3,Drum Island Arc
3,87,Versus Wapol Gundan! Bakubaku no Mi no Nouryoku!,2001,8.1,Drum Island Arc
3,88,Zoan-kei Akuma no Mi! Chopper Nanadan Henkei,2001,7.9,Drum Island Arc
3,89,Oukoku no Shihai Owaru Toki! Shinnen no Hata wa Eien ni,2001,7.9,Drum Island Arc
3,90,Hiluluk no Sakura! Drum Rocky no Kiseki,2001,8.9,Drum Island Arc
3,91,Sayonara Drum-tou! Boku wa Umi e Deru!,2001,8.1,Drum Island Arc
4,92,Arabasta no Eiyuu to Senjou no Ballerina,2001,7.8,Alabasta Arc
4,93,Iza Sabaku no Kuni e! Ame o Yobu Kona to Hanrangun,2001,7.3,Alabasta Arc
4,94,Gouketsu-tachi no Saikai! Yatsu no Na wa Hiken no Ace,2001,9.0,Alabasta Arc
4,95,Ace to Luffy! Atsuki Omoi to Kyoudai no Kizuna,2002,8.3,Alabasta Arc
4,96,Midori no Machi Erumaru to Kung Fu Jugon!,2002,7.4,Alabasta Arc
4,97,Suna no Kuni no Bouken! Ennetsu no Daichi ni Sumu Mamono,2002,7.5,Alabasta Arc
4,98,Sabaku no Kaizokudan Toujou! Jiyuu ni Ikiru Otoko-tachi,2002,7.2,Alabasta Arc
4,99,Nisemono no Iji! Kokoro no Hanrangun Kamyu!,2002,7.1,Alabasta Arc
4,100,Hanrangun Senshi Kouza! Vivi ni Chikatta Yume!,2002,7.6,Alabasta Arc
4,101,Kagerou no Kettou! Ace vs Otoko Scorpion,2002,6.9,Alabasta Arc
4,102,Iseki to Mayoigo! Vivi to Nakama to Kuni no Katachi,2002,7.1,Alabasta Arc
4,103,Spiders Cafe ni 8-ji Teki Kanbu Shuugou,2002,7.5,Alabasta Arc
4,104,Luffy Tai Vivi! Nakama ni Kakeru Namida no Chikai,2002,8.0,Alabasta Arc
4,105,Alabasta Sensen! Yume no Machi Rainbase,2002,7.9,Alabasta Arc
4,106,Zettai Zetsumei no Wana! Rain Dinners Totsunyuu,2002,8.2,Alabasta Arc
4,107,Utopia Sakusen Hatsudou! Ugokidashita Uneri,2002,8.1,Alabasta Arc
4,108,Kyoufu no Bananawani to Mr. Prince,2002,8.2,Alabasta Arc
4,109,Gyakuten Dai Dasshutsu e no Kagi! Doru-Doru Ball!,2002,8.7,Alabasta Arc
4,110,Nasake Muyou no Shitou! Luffy vs Crocodile,2002,9.1,Alabasta Arc
4,111,Kiseki e no Shissou! Arabasta Doubutsu Land,2002,7.9,Alabasta Arc
4,112,Hanrangun Tai Kokuougun! Kessen wa Alubarna!,2002,8.1,Alabasta Arc
4,113,Nageki no Alubarna! Gekitou Carue Taichou!,2002,7.9,Alabasta Arc
4,114,Nakama no Yume ni Chikau! Kettou Mogurazuka 4-bangai,2002,8.1,Alabasta Arc
4,115,Honjitsu Daikoukai! Mane-Mane Montage!,2002,8.1,Alabasta Arc
4,116,Nami ni Henshin! Bon Clay Renpatsu Ballet Kenpou,2002,8.1,Alabasta Arc
4,117,Nami no Senpuu Chuuihou! Clima Takt Sakuretsu,2002,8.0,Alabasta Arc
4,118,Ouke ni Tsutawaru Himitsu! Kodai Heiki Pluton,2002,7.9,Alabasta Arc
4,119,Gouken no Gokui! Koutetsu o Kiru Chikara to Mono no Kokyuu,2002,9.1,Alabasta Arc
4,120,Tatakai wa Owatta! Kooza ga Kakageta Shiroi Hata,2002,8.1,Alabasta Arc
4,121,Vivi no Koe no Yukue! Hero wa Maiorita!,2002,8.7,Alabasta Arc
4,122,Suna Wani to Mizu Luffy! Kettou Dai 2 Round,2002,9.0,Alabasta Arc
4,123,Wanippoi! Ouke no Haka e Hashire Luffy!,2002,8.3,Alabasta Arc
4,124,Akumu no Toki Semaru! Koko wa Sunasunadan Himitsu Kichi,2002,8.2,Alabasta Arc
4,125,Idainaru Tsubasa! Waga Na wa Kuni no Shugoshin Pell,2002,9.0,Alabasta Arc
4,126,Koeteiku! Arabasta ni Ame ga Furu!,2002,9.5,Alabasta Arc
4,127,Buki yo Saraba! Kaizoku to Ikutsuka no Seigi,2002,8.2,Alabasta Arc
4,128,Kaizoku-tachi no Utage to Arabasta Dasshutsu Sakusen!,2002,8.2,Alabasta Arc
4,129,Hajimari wa Ano Hi! Vivi ga Kataru Boukentan!,2002,9.1,Alabasta Arc
4,130,Kiken na Kaori! Shichininme wa Nico Robin!,2002,8.9,Alabasta Arc
5,131,Hajimete no Kranke! Rumble Ball Hiwa,2002,7.1,Post-Alabasta Arc
5,132,Koukaishi no Hanran! Yuzurenai Yume no Tame ni!,2002,6.9,Post-Alabasta Arc
5,133,Uketsugareru Recipe! Curry no Tetsujin Sanji,2002,7.0,Post-Alabasta Arc
5,134,Sakasete Misemasu! Otoko Usopp Hasshakudama,2002,7.0,Post-Alabasta Arc
5,135,Uwasa no Kaizokugari! Sasurai no Kenshi Zoro,2002,7.1,Post-Alabasta Arc
5,136,Yagi no Shima no Zenny to Yama no Naka no Kaizokusen!,2002,6.8,Goat Island Arc
5,137,Moukarimakka? Kanekashi Zenny no Yabou!,2002,6.9,Goat Island Arc
5,138,Shima no Otakara no Yukue! Zenny Kaizokudan Shutsugeki!,2002,6.7,Goat Island Arc
5,139,Niji-iro no Kiri Densetsu! Ruluka Tou no Roujin Henzo,2003,7.1,Ruluka Island Arc
5,140,Eien no Kuni no Juunin! Pumpkin Kaizokudan!,2003,7.0,Ruluka Island Arc
5,141,Furusato e no Omoi! Dasshutsu Funou no Kaizoku Hakaba!,2003,6.9,Ruluka Island Arc
5,142,Ransen Hisshi! Wetton no Yabou to Niji no Tou,2003,6.9,Ruluka Island Arc
5,143,Soshite Densetsu ga Hajimaru! Iza Niji no Kanata e,2003,7.6,Ruluka Island Arc
6,144,Ubawareta Log! Salvage-ou Mashira!,2003,7.4,Jaya Arc
6,145,Kaibutsu Toujou! Shirohige Ichimi ni wa Te o Dasuna,2003,7.7,Jaya Arc
6,146,Yume o Miruna! Azakeri no Machi Mock Town!,2003,8.1,Jaya Arc
6,147,Kaizoku no Takami! Yume o Kataru Otoko to Kaitei Tansaku Ou,2003,7.8,Jaya Arc
6,148,"Densetsu no Ichizoku! ""Usotsuki Norland""",2003,7.7,Jaya Arc
6,149,Kumo Kaji Ippai! Southbird o Oe!,2003,7.6,Jaya Arc
6,150,Yume wa Kanawanai!? Bellamy VS Saruyama Rengou,2003,8.2,Jaya Arc
6,151,Ichioku no Otoko! Sekai Saikou Kenryoku to Kaizoku Kurohige,2003,9.3,Jaya Arc
6,152,Fune wa Sora o Yuku! Knock-Up Stream ni Nore,2003,8.3,Jaya Arc
6,153,Koko wa Sora no Umi! Sora no Kishi to Tengoku no Mon,2003,8.0,Skypiea Arc
6,154,Kami no Kuni Skypiea! Kumo no Nagisa no Tenshi-tachi,2003,7.7,Skypiea Arc
6,155,Kindan no Seichi! Kami no Sumu Shima to Ten no Sabaki!,2003,7.6,Skypiea Arc
6,156,Hayaku mo Hanzaisha!? Skypiea no Hou no Bannin,2003,7.7,Skypiea Arc
6,157,Dasshutsu Naru ka!? Ugokihajimeta Kami no Shiren!,2003,7.6,Skypiea Arc
6,158,Lovely-doori no Wana! Zennounaru God Enel,2003,7.7,Skypiea Arc
6,159,Susume Karasumaru! Ikenie no Saidan o Mezase,2003,7.8,Skypiea Arc
6,160,Seizonritsu 10%! Mantra-tsukai no Shinkan Satori!,2003,7.8,Skypiea Arc
6,161,Tama no Shiren no Kyoui! Mayoi no Mori no Shitou,2003,7.7,Skypiea Arc
6,162,Chopper Ayaushi! Motokami Tai Shinkan Shura,2003,7.9,Skypiea Arc
6,163,Makafushigi! Himo no Shiren to Koi no Shiren!?,2003,7.9,Skypiea Arc
6,164,Shandra no Hi o Tomose! Senshi Wiper,2003,7.9,Skypiea Arc
6,165,Tenkuu no Ougonkyou Jaya! Mezase Kami no Yashiro!,2003,7.8,Skypiea Arc
6,166,"Ougon Zen'yasai! ""Vearth"" e no Omoi!",2003,7.6,Skypiea Arc
6,167,God Enel Toujou!! Ikinokori e no Aubade,2003,7.7,Skypiea Arc
6,168,Kibamuku Uwabami! Tsui ni Hajimaru Survival Game,2003,7.7,Skypiea Arc
6,169,"Sutemi no Haigeki (Reject)! ""Senki"" Wiper no Kakugo",2003,8.1,Skypiea Arc
6,170,Kuuchuu no Gekisen! Kaizoku Zoro VS Senshi Braham,2003,8.1,Skypiea Arc
6,171,Unaru Burn Bazooka!! Luffy VS Senki Wiper,2003,7.8,Skypiea Arc
6,172,Numa no Shiren! Chopper VS Shinkan Gedatsu!!,2003,7.9,Skypiea Arc
6,173,Muteki no Nouryoku! Akasareru Enel no Shoutai,2003,8.0,Skypiea Arc
6,174,Maburoshi no Miyako! Yuudai Naru Shandra no Iseki!!,2003,8.0,Skypiea Arc
6,175,Seizonritsu 0%!! Chopper VS Shinkan Ohm,2003,7.9,Skypiea Arc
6,176,Giant Jack o Nobore!! Jouzou Iseki no Shitou,2004,8.1,Skypiea Arc
6,177,Tetsu no Shiren no Shinkoccyou! Shiruibara Death Match!!,2004,8.1,Skypiea Arc
6,178,Hotobashiru Zangeki! Zoro VS Shinkan Ohm!!,2004,8.6,Skypiea Arc
6,179,Kuzure Yuku Jousou Iseki! Finale e no Quintet!!,2004,8.3,Skypiea Arc
6,180,Kodai Iseki no Taiketsu! God Enel no Mokuteki!!,2004,9.0,Skypiea Arc
6,181,Fairy Vearth e no Yabou Hakobune Maxim!!,2004,8.3,Skypiea Arc
6,182,Tsuini Gekitotsu! Kaizoku Luffy VS God Enel!!,2004,9.0,Skypiea Arc
6,183,Maxim Fujou! Ugoki Hajimeta Deathpiea!!,2004,9.0,Skypiea Arc
6,184,Luffy Rakka! Kami no Sabaki to Nami no Nozomi!!,2004,8.1,Skypiea Arc
6,185,Mezameta Futari! Moeru Koi no Kyuushutsu Zensen,2004,8.7,Skypiea Arc
6,186,Zetsubou e no Capriccio Semaei Kuru Sora Shima no Shoumetsu!!,2004,8.0,Skypiea Arc
6,187,Jubaku kara no Kaihou! Daisenshi ga Nagashita Namida!!,2004,7.9,Skypiea Arc
6,188,Kane no Ne no Michibiki! Daisenshi to Tankenka no Monogatari,2004,7.9,Skypiea Arc
6,189,Eien no Shinyuu! Oo-unabari ni Hibikuchikai no Kane!!,2004,9.0,Skypiea Arc
6,190,Angel-tou Shoumetsu! Raigou Kourin no Kyoufu!!,2004,8.1,Skypiea Arc
6,191,Giant Jack o Taose! Dasshutsu e no Saigo no Nozomi,2004,8.2,Skypiea Arc
6,192,Kami no Kune no Kiseki! Tenshi no Todoita Love Song,2004,9.1,Skypiea Arc
6,193,Tatakai no Shuuen! Tooku Hibiku Hokori Takaki Fantasia,2004,8.0,Skypiea Arc
6,194,Ware Koko ni Itaru! Poneglyphs ga Tsumugu Mono,2004,8.0,Skypiea Arc
6,195,Iza Seikai e!! Omoi ga Orinasu Saishuu Gakushou,2004,7.9,Skypiea Arc
7,196,Hijoujitai Hatsurei! Akumei Takaki Kaisokusen Sennyuu!,2004,7.3,G-8 Arc
7,197,Ryourinin Sanji! Kaigun Shokudou de Shinka Hakki!,2004,7.5,G-8 Arc
7,198,Torawareru Zoro to Chopper Kinkyuu Shittou,2004,7.3,G-8 Arc
7,199,Semaru Kaigun no Sousa mou! Torawareta Futari Me!,2004,7.6,G-8 Arc
7,200,Kesshi no Luffy to Sanji! Kyuushutsu Dai Sakusen!,2004,7.7,G-8 Arc
7,201,Nekketsu Tokubetsu Butai Sansen! Bridge Koubousen!,2004,7.5,G-8 Arc
7,202,Houi Mou Toppa! Dakkan Going Merry Gou,2004,7.5,G-8 Arc
7,203,Kieta Kaizokusen! Yousai Koubou Dai 2 Round,2004,7.3,G-8 Arc
7,204,Ougon Dakkan Sakusen to Waver Kaishuu Sakusen!,2004,7.5,G-8 Arc
7,205,Ichimoudajin Keikaku! Jonathan Jishin no Hisaku,2004,7.5,G-8 Arc
7,206,Saraba Kaigun Yousai! Dasshutsu e no Saigo no Koubou,2004,7.7,G-8 Arc
7,207,Long Ring Long Land no Dai Bouken!,2004,7.5,Long Ring Long Land Arc
7,208,Foxy Kaizoku Dan to Davy Back!,2004,7.4,Long Ring Long Land Arc
7,209,Dai Ikkaisen! Gururi Isshuu Doughnut Race,2004,7.6,Long Ring Long Land Arc
7,210,Gingitsune no Foxy! Mouretsu Bougai Kousei,2004,7.4,Long Ring Long Land Arc
7,211,Dai 2 Kaisen! Buchi Kome Groggy Ring,2004,7.6,Long Ring Long Land Arc
7,212,Red Card Renpatsu! Groggy Ring,2004,7.8,Long Ring Long Land Arc
7,213,Dai Sankaisen! Guru Guru Roller Race!,2004,7.3,Long Ring Long Land Arc
7,214,Hakunetsu Bakusou Race! Saishuu Round Totsunyuu!,2004,7.6,Long Ring Long Land Arc
7,215,Dangai no Kessen! Daruma-san ga Koronda!,2005,7.1,Long Ring Long Land Arc
7,216,Unaru Netsukyuu Goukyuu! Kaizoku Dodgeball!,2005,7.1,Long Ring Long Land Arc
7,217,Captain Taiketsu! Saishuusen Combat!,2005,7.3,Long Ring Long Land Arc
7,218,Zenkai Noro Noro Kougeki VS Fujimi no Luffy,2005,7.4,Long Ring Long Land Arc
7,219,Souzetsu Nettou Combat! Unmei no Saishuu Kecchaku,2005,7.7,Long Ring Long Land Arc
7,220,Ushinatta? Ubawareta? Omae wa Dare Da?,2005,7.4,Ocean's Dream Arc
7,221,Fue o Idaita Nazo no Shounen to Robin no Suiri!,2005,7.3,Ocean's Dream Arc
7,222,Iza Kioku o Dakkan Seyo! Kaizoku Dan Shima ni Jouriku,2005,7.0,Ocean's Dream Arc
7,223,Kiba o Muku Zoro! Tachihadakatta Yajuu!,2005,7.3,Ocean's Dream Arc
7,224,Honjou o Awarashita Kioku Dorobou no Saigo Gyakushuu,2005,7.1,Ocean's Dream Arc
7,225,Hokori takaki otoko! Gin Gitsune no Foxy,2005,6.8,Foxy's Return Arc
7,226,Mottomo Muteki ni Tsuyoi Yatsu? Tomottomo Kiken na Otoko!,2005,6.8,Foxy's Return Arc
7,227,Kaigun Honbu Taishou Aokiji! Saikou Senryoku no Kyoui,2005,9.0,Foxy's Return Arc
7,228,Gomu to Koori no Ikkiuchi! Luffy vs Aokiji,2005,8.3,Foxy's Return Arc
8,229,Shissou Umi Ressha to Mizu no Toshi Water Seven,2005,7.7,Water 7 Arc
8,230,Suijou Toshi no Bouken! Mokushise Kyodai Zousen Koujou,2005,7.8,Water 7 Arc
8,231,Franky ikka to Iceberg san!,2005,7.8,Water 7 Arc
8,232,Garera Company! Soukan Ichiban Dock,2005,7.8,Water 7 Arc
8,233,Kaizoku Yuukai Jiken to Shi o Matsu Dake no Kaizokusen,2005,7.8,Water 7 Arc
8,234,Nakama Kyuushutsu! Harikomi Franky House,2005,9.0,Water 7 Arc
8,235,Gekka no Oogenka! Kanashimi ni Hirugaeru Kaizokuki!,2005,9.3,Water 7 Arc
8,236,Luffy VS Usopp! Butsukaru Otoko no Iji,2005,9.5,Water 7 Arc
8,237,Genkishin Mizu no Toshi! Nerawareta Iceberg,2005,7.9,Water 7 Arc
8,238,Gomu Gomu Ningen VS Ka o Fuku Cyborg,2005,8.1,Water 7 Arc
8,239,Hannin wa Mugiwara Kaizukudan? Mizu no Toshi Youjinbou,2005,7.9,Water 7 Arc
8,240,Eien no Wakare? Yamo o Hiku Onna Nico Robin,2005,8.0,Water 7 Arc
8,241,Robin o Tsukamaero! Mugiwara Ichimi no Ketsui,2005,7.8,Water 7 Arc
8,242,Aizu wa Hougeki to Tomoni! Ugokidashita CP9,2005,8.2,Water 7 Arc
8,243,Kamen o Totta CP9! Sono Odoroki no Sugao,2005,9.1,Water 7 Arc
8,244,Himeta Kizuna! Iceberg to Franky,2005,9.0,Water 7 Arc
8,245,Kaete Koi Robin! CP9 to no Taiketsu!,2005,8.8,Water 7 Arc
8,246,Mugiwara Kaizoku Dan Zenmetsu? Model Leopard no Kyoui,2005,8.1,Water 7 Arc
8,247,Fune kara mo Aisareta Otoko! Usopp no Namida!,2005,8.1,Water 7 Arc
8,248,Franky no Kako! Umi ressha ga Hashitta Hi,2005,8.2,Water 7 Arc
8,249,Spandum no Inbou! Umi Ressha ga Yureta Hi,2005,8.3,Water 7 Arc
8,250,Densetsu no Otoko no Saigo! Umi Ressha ga Naita Hi,2005,8.9,Water 7 Arc
8,251,Uragiri no Shinsou! Robin no Kanashiki Ketsui!,2005,8.9,Water 7 Arc
8,252,Nakama o Hikihanasu Kiteki! Hashiridasu Umi Ressha,2005,8.0,Water 7 Arc
8,253,Sanji Totsunyuu! Arashi no Naka no Umiressha Battle!,2005,7.9,Water 7 Arc
8,254,Nami Tamashii no Sakebi! Mugiwara no Luffy Fukkatsu!,2006,8.1,Water 7 Arc
8,255,Mou Hitotsu no Umi Ressha! Rocketman Shutsugeki,2006,8.1,Water 7 Arc
8,256,Nakama o Sukue! Tekidoushi ga Musunda Chikai no Kizuna!,2006,8.0,Water 7 Arc
8,257,Nami o Kudake! Luffy to Zoro no Saikyou Combo,2006,8.2,Water 7 Arc
8,258,Nazo no Otoko Toujou!? Sono Na wa Sogeking!,2006,8.3,Water 7 Arc
8,259,Kokku Taiketsu! Sanji vs Ramen Kenpou,2006,7.6,Water 7 Arc
8,260,Yane no Ue no Kettou! Franky VS Nero,2006,7.9,Water 7 Arc
8,261,Gekitotsu! Onigiri Zoro VS Funekiri T-Bone,2006,8.1,Water 7 Arc
8,262,Robin Soudatsusen! Sogeking no Kisaku!!,2006,8.7,Water 7 Arc
8,263,Shihou no shima! Enies Lobby!,2006,8.1,Water 7 Arc
9,264,Jouriku Sakusen Shidou! Mugiwara Ichimi Totsunyuu Seyo!,2006,8.2,Enies Lobby Arc
9,265,Luffy Kaishingeki! Shihou no Shima de Daikessen!!,2006,8.1,Enies Lobby Arc
9,266,Kyojinzoku to no Koubou! Daini no Tobira o Akero!,2006,8.0,Enies Lobby Arc
9,267,Katsuro o Hirake! Sora o Tobu Rocketman!,2006,8.1,Enies Lobby Arc
9,268,Luffy ni Oitsuke! Mugiwara Ichimi Souryokusen,2006,8.2,Enies Lobby Arc
9,269,Uragirareta Robin! Sekai Seifu no Omowaku!,2006,8.2,Enies Lobby Arc
9,270,Robin o Kaese! Luffy VS Blueno!,2006,8.9,Enies Lobby Arc
9,271,Tachidomaru na! Hangeki no Noroshi o Agero!,2006,8.2,Enies Lobby Arc
9,272,Luffy Mokuzen! Saibansho Mae hiroba e Shuuketsu Seyo,2006,8.3,Enies Lobby Arc
9,273,Subete wa Nakama o Mamoru Tame ni! Gear Second Hatsudou,2006,9.2,Enies Lobby Arc
9,274,Kotaero Robin! Mugiwara Ichimi no Sakebi!!,2006,9.3,Enies Lobby Arc
9,275,Robin no Kako! Akuma to Yobareta Shoujo!,2006,9.0,Enies Lobby Arc
9,276,Shukumei no Oyako! Sono Haha no Na wa Orubia!,2006,9.0,Enies Lobby Arc
9,277,Ikitai to Ie! Oretachi wa Nakama Da!!,2006,9.6,Enies Lobby Arc
9,278,Ohara no Higeki! Buster Call no Kyoufu,2006,9.3,Enies Lobby Arc
9,279,Taki ni Mukatte Tobe!! Luffy no Omoi!!,2006,7.0,Enies Lobby Arc
9,280,"Otoko no Ikizama! Zoro no Waza, Usopp no Yume",2006,6.7,Enies Lobby Arc
9,281,Namida ga Tsumuida Nakama no Kizuna! Nami no Sekai Chizu,2006,6.7,Enies Lobby Arc
9,282,Wakare ga Otoko o Migaku! Sanji to Chopper,2006,6.7,Enies Lobby Arc
9,283,Subete wa Nakama no Tame ni! Yami no Naka no Robin!,2006,6.7,Enies Lobby Arc
9,284,Sekkeizu wa Watasanai! Franky no Ketsudan,2006,8.1,Enies Lobby Arc
9,285,Itsutsu no Kagi o Ubae! Mugiwara Ichimi Tai CP9,2006,8.0,Enies Lobby Arc
9,286,Akuma no Mi no Chikara! Kaku to Jabra Daihenshin,2006,8.1,Enies Lobby Arc
9,287,Shinde mo Keran! Sanji Otoko no Kishidou!,2006,8.1,Enies Lobby Arc
9,288,Fukurou no Gosan! Ore no Cola wa Inochi no Mizu!,2006,8.3,Enies Lobby Arc
9,289,Zoro Shinwaza Sakuretsu! Katana no Na wa Sogeking?,2006,8.2,Enies Lobby Arc
9,290,Seigyo Funou! Chopper Kindan no Rumble,2006,8.7,Enies Lobby Arc
9,291,Luffy Oyabun Futatabi! Yume ka Utsutsu ka Tomikuji Soudou,2006,6.2,Enies Lobby Arc
9,292,Oshiro de Mochimaki Dai Race! Akai Hana no Inbou,2007,6.0,Enies Lobby Arc
9,293,Awa Tsukai Kalifa! Nami ni Semaru Sekken no Wana,2007,8.0,Enies Lobby Arc
9,294,Hibikiwataru Kyouhou! Hatsudou Buster Call,2007,8.2,Enies Lobby Arc
9,295,Gonin no Nami? Hangeki wa Shinkirou to Tomo ni!,2007,7.9,Enies Lobby Arc
9,296,Nami no Ketsudan! Bousou Chopper o Ute!,2007,8.3,Enies Lobby Arc
9,297,Kariudo Sanji Toujou? Usotsuki Ookami ni Okuru Banka,2007,8.2,Enies Lobby Arc
9,298,Shakunetsu no Keri! Sanji Ashiwaza no Full Course,2007,8.7,Enies Lobby Arc
9,299,Hakujin no Moushuu! Zoro Tai Kaku Kyouryoku Zangeki Taiketsu,2007,8.3,Enies Lobby Arc
9,300,Kishin Zoro! Kihaku ga Miseta Asura no Keshin,2007,9.3,Enies Lobby Arc
9,301,Spandam Kyougaku! Shihou no Tou ni Tatsu Eiyuu,2007,9.2,Enies Lobby Arc
9,302,Robin Kaihou! Luffy Tai Lucci Choujou Kessen,2007,8.2,Enies Lobby Arc
9,303,Hannin wa Luffy Oyabun? Kieta Oozakura o Oe,2007,6.3,Enies Lobby Arc
9,304,Katenakya Daremo Mamorenai! Gear Third Shidou,2007,9.1,Enies Lobby Arc
9,305,Senritsu no Kako! Yami no Seigi to Rob Lucci,2007,9.0,Enies Lobby Arc
9,306,Maboroshi no Ningyo Arawaru? Usureyuku Ishiki no Naka de,2007,8.2,Enies Lobby Arc
9,307,Houka ni Shizumu Shima! Franky Munen no Sakebi,2007,8.4,Enies Lobby Arc
9,308,Luffy o Mate! Tamerai no Hashi no Shitou!,2007,9.1,Enies Lobby Arc
9,309,Kobushi ni Kometa Omoi! Luffy Konshin no Gatling,2007,9.5,Enies Lobby Arc
9,310,"Tomo, Umi yori Kitaru! Mugiwara Ichimi Saikyou no Kizuna",2007,9.1,Enies Lobby Arc
9,311,Zen'in Dai Dasshutsu! Shousha no Michi wa Kaizoku no Tame ni,2007,9.0,Enies Lobby Arc
9,312,Arigatou Merry! Yuki ni Kemuru Wakare no Umi,2007,9.6,Enies Lobby Arc
9,313,Yaburareta Ansoku! Ai no Kobushi o Motsu Kaigun Chuujou,2007,9.0,Post-Enies Lobby Arc
9,314,Saikyou no Kakei? Akasareta Luffy no Chichi!,2007,9.2,Post-Enies Lobby Arc
9,315,Sono Na wa Shinsekai! Grand Line no Yukue,2007,8.3,Post-Enies Lobby Arc
9,316,Shanks Ugoku! Bousou Suru Jidai e no Kusabi,2007,9.2,Post-Enies Lobby Arc
9,317,Yagara o Sagasu Shoujo! Mizu no Miyako Daisousasen,2007,6.5,Post-Enies Lobby Arc
9,318,Haha wa Tsuyoshi! Zoro no Dotabata Kaji Tetsudai,2007,6.3,Post-Enies Lobby Arc
9,319,Sanji Shougeki! Nazo no Jii-san to Gekiuma Ryouri,2007,6.8,Post-Enies Lobby Arc
9,320,Tsui ni Zen'in Shoukin Kubi! 6-okugoe no Ichimi!,2007,8.1,Post-Enies Lobby Arc
9,321,Umi o Nozomu Hyakujuu no Ou! Yume no Fune Doudou Kansei!,2007,8.1,Post-Enies Lobby Arc
9,322,Saraba Itoshiki Kobun-tachi! Franky Tatsu,2007,8.1,Post-Enies Lobby Arc
9,323,Shukkou Mizu no Miyako! Otoko Usopp Kettou no Kejime,2007,8.3,Post-Enies Lobby Arc
9,324,Meguru Tehaisho! Kokyou wa Odoru Fune wa Susumu!,2007,8.2,Post-Enies Lobby Arc
9,325,Saikyou no Nouryoku! Ace o Osou Kurohige no Yami,2007,9.2,Post-Enies Lobby Arc
9,326,Nazo no Kaizoku Goikkou! Sunny-gou to Kiken na Wana,2007,6.9,Ice Hunter Arc
9,327,Sunny-gou Pinch! Unare Chousoku no Himitsu Mecha,2007,6.5,Ice Hunter Arc
9,328,Shinsekai ni Shizumu Yume! Shitsui no Kaizoku Puzzle,2007,6.6,Ice Hunter Arc
9,329,Osoikuru Shikaku-tachi! Hyoujou Dai Battle Kaishi,2007,6.9,Ice Hunter Arc
9,330,Dai Kusen Mugiwara Ichimi! Hata ni Kakeru Kaizoku Tamashii,2007,6.7,Ice Hunter Arc
9,331,Atsukurushisa Zenkai! Semaru Futago no Jiryoku Power,2007,6.7,Ice Hunter Arc
9,332,Dai Konran no Yakata! Ikaru Don to Toraware no Ichimi,2007,6.7,Ice Hunter Arc
9,333,Fushichou Futatabi! Tomo ni Chikau Kaizokuki no Yume,2007,6.6,Ice Hunter Arc
9,334,Atsu Atsu Choukessen! Luffy VS Shakunetsu no Don,2007,6.8,Ice Hunter Arc
9,335,Shin Sekai de Matsu! Isamashiki Kaizoku to no Wakare,2007,6.8,Ice Hunter Arc
9,336,Shutsudou Chopperman! Mamore Nagisa no TV-kyoku,2007,5.7,Ice Hunter Arc
10,337,Ma no Umi Totsunyuu! Kiri ni Ukabu Nazo no Gaikotsu,2008,8.3,Thriller Bark Arc
10,338,Hito ni Aeta Yorokobi! Gaikotsu Shinshi no Shoutai,2008,8.1,Thriller Bark Arc
10,339,Kai Genshou Zokuzoku! Thriller Bark Jouriku,2008,7.8,Thriller Bark Arc
10,340,Tensai to Yobareta Otoko! Hogback Arawaru!,2008,7.9,Thriller Bark Arc
10,341,Nami Dai Pinch! Zombie Yashiki to Toumei Ningen,2008,7.9,Thriller Bark Arc
10,342,Zombie no Nazo! Akumu no Hogback Kenkyuujo,2008,7.8,Thriller Bark Arc
10,343,Sono Na wa Moriah! Kage o Nigiru Dai Kaizoku no Wana,2008,7.8,Thriller Bark Arc
10,344,Zombie Song no Kyouen! Youchi no Kane wa Yami no Oto,2008,7.7,Thriller Bark Arc
10,345,Doubutsu Ippai? Perona no Wonder Garden,2008,7.5,Thriller Bark Arc
10,346,Kieru Mugiwara Ichimi! Arawareta Nazo no Kenshi!,2008,7.8,Thriller Bark Arc
10,347,Nokoru Kishidou! Nami o Mamoru Uragiri Zombie,2008,7.8,Thriller Bark Arc
10,348,Sora kara Sanjou! Kenkyou Hanauta wa Ano Otoko!,2008,8.0,Thriller Bark Arc
10,349,Luffy Kinkyuujitai! Saikyou no Kage no Ikisaki,2008,8.0,Thriller Bark Arc
10,350,Majin to Yobareta Senshi!! Oz Fukkatsu no Toki,2008,8.0,Thriller Bark Arc
10,351,500-nenburi no Mezame!! Oars Kaigan!!,2008,7.8,Thriller Bark Arc
10,352,Shinnen no Inochigoi!! Afro o Mamoru Brook,2008,7.9,Thriller Bark Arc
10,353,Otoko no Chikai wa Shinazu!! Tooi Sora de Matsu Tomo e,2008,8.2,Thriller Bark Arc
10,354,Kanarazu Ai ni Iku!! Brook to Yakusoku no Misaki,2008,7.5,Thriller Bark Arc
10,355,Meshi to Nami to Kage!! Luffy Ikari no Daihangeki,2008,7.9,Thriller Bark Arc
10,356,Usopp Saikyou? Negative wa Makasetoke,2008,7.9,Thriller Bark Arc
10,357,General Zombie Shunsatsu!! Oars wa Bouken Kibun!!,2008,8.0,Thriller Bark Arc
10,358,Honoo no Knight Sanji!! Keritsubuse Itsuwari no Kyoshiki,2008,7.8,Thriller Bark Arc
10,359,Suke Suke no Innen? Ubawareta Sanji no Yume,2008,7.7,Thriller Bark Arc
10,360,Tasukete Hero!? Teki wa Fujimi no Princess,2008,8.0,Thriller Bark Arc
10,361,Perona Kyoufu!? Uso no U wa Usopp no U,2008,7.9,Thriller Bark Arc
10,362,Yane ni Mau Zangeki!! Kecchaku Zoro Tai Ryuuma,2008,8.2,Thriller Bark Arc
10,363,Chopper Gekido!! Hogback Ma no Ijutsu,2008,7.8,Thriller Bark Arc
10,364,Oz Hoeru!! Detekoi Mugiwara no Ichimi,2008,7.5,Thriller Bark Arc
10,365,Teki wa Luffy!! Saikyou Zombie Tai Mugiwara no Ichimi,2008,7.8,Thriller Bark Arc
10,366,Taorero Absalom!! Nami Yuujou no Raigeki!!,2008,7.8,Thriller Bark Arc
10,367,Ubae Down!! Hissatsu Mugiwara Docking?,2008,8.2,Thriller Bark Arc
10,368,Ashioto Naki Shuurai!! Nazo no Boumonsha: Boukun Kuma,2008,8.0,Thriller Bark Arc
10,369,Oars Plus Moriah: Chikara to Zunou no Saikyou Gattai,2008,8.1,Thriller Bark Arc
10,370,Gyakuten e no Hisaku: Nightmare Luffy Kenzan,2008,8.1,Thriller Bark Arc
10,371,"Kaimetsu, Mugiwara Ichimi: Kagekage no Chikara Zenkai",2008,8.2,Thriller Bark Arc
10,372,Chouzetsu Battle Start! Luffy vs Luffy,2008,9.0,Thriller Bark Arc
10,373,"Kecchaku Semaru! Tatakikome, Todome no Ichigeki",2008,8.9,Thriller Bark Arc
10,374,Karada ga Kieru! Akumu no Shima ni Sasu Asahi!,2008,8.5,Thriller Bark Arc
10,375,Owaranai Kiki! Mugiwara Ichimi Massatsu Shirei,2008,8.2,Thriller Bark Arc
10,376,Subete o Hajiku: Kuma no Nikyunikyu no Chikara,2008,9.1,Thriller Bark Arc
10,377,Nakama no Itami wa Waga Itami: Zoro Kesshi no Tatakai,2008,9.6,Thriller Bark Arc
10,378,Tooi Hi no Yakusoku: Kaizoku no Uta to Chiisana Kujira,2008,8.2,Thriller Bark Arc
10,379,Brook no Kako: Youki na Nakama Kanashiki Wakare,2008,8.1,Thriller Bark Arc
10,380,Binks no Sake: Kako to Genzai o Tsunagu Uta,2008,9.2,Thriller Bark Arc
10,381,Arata na Nakama! Ongakuka Hanauta no Brook,2008,8.2,Thriller Bark Arc
11,382,Noronoro no Kyoui: Gingitsune no Foxy Futatabi,2008,6.7,Spa Island Arc
11,383,Otakara Daisoudatsusen! Houkai! Spa Island Gou,2008,6.7,Spa Island Arc
11,384,Burukku daifuntou shin no nakama e no michisagashi?,2009,7.5,Spa Island Arc
11,385,Idainaru kouro hanshuu toutatsu! Akai tuchi no tairiku,2009,7.7,Sabaody Archipelago Arc
11,386,Mugiwara ichimi nikushi Tetsukamen no Dubaru toujou,2009,7.7,Sabaody Archipelago Arc
11,387,Innen no saikai! Toraware no gyonin o sukudase,2009,7.7,Sabaody Archipelago Arc
11,388,Higeki! Kamen ni kakusareta Dubaru no shinjitsu,2009,7.9,Sabaody Archipelago Arc
11,389,Sakuretsu! Sanîgou no chouhimitsu heiki gaonhou,2009,7.9,Sabaody Archipelago Arc
11,390,Gyojin-tou o Mezashite Jouriku: Sabaody Shotou,2009,8.0,Sabaody Archipelago Arc
11,391,Bougyaku! Sabaody no Shihaisha Tenryuubito,2009,8.5,Sabaody Archipelago Arc
11,392,Arata na Rival Shuuketsu! 11-nin no Choushinsei,2009,8.6,Sabaody Archipelago Arc
11,393,Hyouteki wa Camie!! Semaru Hitosaraiya no Mashu,2009,8.5,Sabaody Archipelago Arc
11,394,Camie o Sukue: Shotou ni Nokoru Ankoku no Rekishi,2009,8.4,Sabaody Archipelago Arc
11,395,Time Limit: Human Auction Kaimaku,2009,8.6,Sabaody Archipelago Arc
11,396,Tekken Sakuretsu! Auction o Buttsubuse,2009,9.5,Sabaody Archipelago Arc
11,397,Dai Panic! Auction Kaijou no Shitou,2009,9.4,Sabaody Archipelago Arc
11,398,Taishou Kizaru Ugoku! Souzen Sabaody Shotou,2009,9.0,Sabaody Archipelago Arc
11,399,Houimou o Toppa Seyo! Kaigun Tai Sannin no Senchou,2009,8.9,Sabaody Archipelago Arc
11,400,Roger to Rayleigh: Kaizoku Ou to Sono Migiude,2009,9.3,Sabaody Archipelago Arc
11,401,Kaihi Fukanou!? Taishou Kizaru no Kousoku no Keri,2009,9.0,Sabaody Archipelago Arc
11,402,Attouteki! Kaigun no Sentou Heiki Pacifista,2009,9.1,Sabaody Archipelago Arc
11,403,Saranaru Kyouteki Arawaru! Masakari Katsuida Sentoumaru,2009,9.2,Sabaody Archipelago Arc
11,404,Taishou Kizuru no Moukou Mugiwara Ichimi Zettaizetsumei!,2009,9.4,Sabaody Archipelago Arc
11,405,Kesareta Nakama-tachi: Mugiwara Ichimi Saigo no Hi,2009,9.6,Sabaody Archipelago Arc
11,406,Jidaigeki Tokubetsu Hen: Luffy Oyabun Futatabi Kenzan,2009,6.2,Special Historical Arc
11,407,Jidaigeki Tokubetsu Hen: Yabure! Thriller Shoukai no Wana,2009,6.2,Special Historical Arc
12,408,Jouriku! Danshi Kinsei no Shima Amazon Lily,2009,8.1,Amazon Lily Arc
12,409,Isoge! Nakama-tachi no Moto e: Nyougashima no Bouken,2009,8.3,Amazon Lily Arc
12,410,Minna Meromero! Kaizoku Jotei Hancock,2009,8.3,Amazon Lily Arc
12,411,Senaka ni Kakusareta Himitsu: Souguu Luffy to Hebihime,2009,8.4,Amazon Lily Arc
12,412,Hijou no Sabaki! Ishi ni Sareta Margaret!!,2009,8.8,Amazon Lily Arc
12,413,Luffy Daikusen! Hebi Shimai no Haki no Chikara!!,2009,9.0,Amazon Lily Arc
12,414,Nouryoku Zenkai Battle!! Gomugomu Tai Hebihebi,2009,8.9,Amazon Lily Arc
12,415,Hancock no Kokuhaku: Shimai no Imawashiki Kako,2009,9.0,Amazon Lily Arc
12,416,Ace o Sukue! Arata na Mokutekichi wa Daikangoku,2009,8.9,Amazon Lily Arc
12,417,Koi wa Hurricane! Meromero Hancock,2009,8.9,Amazon Lily Arc
12,418,Nakama-tachi no Yukue: Tenkou no Kagaku to Karakurijima,2009,7.8,Amazon Lily Arc
12,419,Nakama-tachi no Yukue: Kyochou no Shima to Momoiro no Rakuen!,2009,7.5,Amazon Lily Arc
12,420,Nakama-tachi no Yukue: Shima o Tsunagu Hashi to Shokujin Shokubutsu,2009,7.8,Amazon Lily Arc
12,421,Nakama-tachi no Yukue: Negative Princess to Akuma Ou,2009,7.8,Amazon Lily Arc
13,422,Kesshi no Sennyuu! Kaitei Kangoku Impel Down Sennyuu!,2009,8.0,Impel Down Arc
13,423,Jigoku de Saikai!? Bara Bara no Mi no Jitsuryokusha!,2009,8.1,Impel Down Arc
13,424,Yabure! Guren Jigoku: Buggy no Dohade Daisakusen,2009,8.0,Impel Down Arc
13,425,Kangoku Saikyou no Otoko! Doku Ningen Magellan Toujou,2009,8.0,Impel Down Arc
13,426,Eiga Rendou Special: Ugokidasu Kinjishi no Yabou,2009,7.1,Little East Blue Arc
13,427,Eiga Rendou Special: Nerawareta Little East Blue,2009,6.7,Little East Blue Arc
13,428,Eiga Rendou Special: Amigo Kaizokudan no Moukou,2009,6.8,Little East Blue Arc
13,429,Eiga Rendou Special: Kessen! Luffy Tai Largo,2009,6.8,Little East Blue Arc
13,430,Toraware no Ouka Shichibukai! Kaikyou no Jinbee,2009,8.0,Little East Blue Arc
13,431,Roubanchou Saldeath no Wana: Level 3 Kiga Jigoku,2009,7.9,Little East Blue Arc
13,432,Tokihanatareta Swan! Saikai! Bon Clay,2009,8.1,Little East Blue Arc
13,433,Shochou Magellan Ugoku: Kansei! Mugiwara Houimou,2010,8.3,Little East Blue Arc
13,434,Zensenryoku Shuuketsu! Level 4 Shounetsu Jigoku no Kessen,2010,7.9,Little East Blue Arc
13,435,Magellan Tsuyoshi! Bon Clay Tekizen Toubou,2010,8.3,Little East Blue Arc
13,436,Shiyuu Kessu! Sutemi no Luffy Saigo no Ichigeki,2010,8.3,Little East Blue Arc
13,437,Dachi Dakara: Bon Clay Kesshi no Kyuushutsukou,2010,8.2,Little East Blue Arc
13,438,Jigoku ni Rakuen! Impel Down Level 5.5,2010,7.9,Little East Blue Arc
13,439,Luffy Chiryou Kaishi: Ivan-san Kiseki no Chikara!!,2010,7.6,Little East Blue Arc
13,440,Kiseki o Shinjite! Bon Clay Tamashii no Seien,2010,7.8,Little East Blue Arc
13,441,Luffy Fukkatsu! Iwa-san Datsugoku Keikaku Shidou!!,2010,8.1,Little East Blue Arc
13,442,Ace Gosou Kaishi: Saikasou Level 6 no Koubou!,2010,8.3,Little East Blue Arc
13,443,Saikyou Team Kessei: Shinkan! Inpel Down,2010,8.3,Little East Blue Arc
13,444,Saranaru Konran! Kurohige Teach Shuurai!,2010,8.3,Little East Blue Arc
13,445,Kiken na Deai! Kurohige to Ame no Shiryuu,2010,8.1,Little East Blue Arc
13,446,Iji demo Taorenu! Honki no Hannyabaru,2010,8.5,Little East Blue Arc
13,447,Ikari no Jet Pistol: Luffy vs Kurohige,2010,9.1,Little East Blue Arc
13,448,Magellan o Tomero! Iva-san Ougi Sakuretsu,2010,8.1,Little East Blue Arc
13,449,Magellan no Kisaku! Habamareta Datsugoku Keikaku,2010,8.3,Little East Blue Arc
13,450,"Datsugoku Team Zettaizetsumei: Kinjite ""Venom Demon""",2010,8.8,Little East Blue Arc
13,451,Okose Saigo no Kiseki: Seigi no Mon o Toppa Seyo,2010,9.3,Little East Blue Arc
13,452,Mezase Kaigun Honbu: Ace Kyuushutsu e no Funade!,2010,8.2,Little East Blue Arc
13,453,Nakama-tachi no Yukue: Weatheria Report to Cyborg Animal,2010,7.4,Little East Blue Arc
13,454,Nakama-tachi no Yukue: Kyochou no Hina to Momoiro no Taiketsu,2010,6.9,Little East Blue Arc
13,455,Nakama-tachi no Yukue: Kakumeigun to Boushoku no Mori no Wana!,2010,7.5,Little East Blue Arc
13,456,Nakama-tachi no Yukue: Kyodai na Bohyou to Pantsu no On,2010,7.4,Little East Blue Arc
14,457,Marineford Chokuzen Kaisou Special: Kyoudai no Chikai!,2010,7.4,Marineford Arc
14,458,Marineford Chokuzen Kaisou Special: Shuuketsu! San Taishou,2010,7.2,Marineford Arc
14,459,Kessen no Toki Semaru! Kaigun Saikyou no Fujin Kansei!,2010,9.0,Marineford Arc
14,460,Kyodai Kantai Arawaru: Shuurai! Shirohige Kaizokudan,2010,9.1,Marineford Arc
14,461,Kessen no Makuake! Ace to Shirohige no Kako,2010,9.3,Marineford Arc
14,462,Sekai o Horobosu Chikara! Guragura no Mi no Nouryoku,2010,9.1,Marineford Arc
14,463,Subete o Yakitsukusu!! Taishou Akainu no Chikara!,2010,9.3,Marineford Arc
14,464,Majin no Shison! Little Oars Jr Bakushin!,2010,9.2,Marineford Arc
14,465,Shousha dake ga Seigi Hatsudou! Sengoku no Sakusen!,2010,9.3,Marineford Arc
14,466,Mugiwara Team Touchaku Fuunkyuu o Tsugeru Senjou,2010,9.4,Marineford Arc
14,467,Shinde mo Tasukeru: Luffy vs Kaigun Battle Start,2010,9.4,Marineford Arc
14,468,Gekisen no Renzoku! Nouryokusha Gundan VS Nouryokusha Gundan,2010,9.3,Marineford Arc
14,469,Kuma ni Okita Ihen Iva-san Ikari no Ichigeki,2010,9.1,Marineford Arc
14,470,Kengou Mihawk Luffy ni Semaru Kokutou no Zangeki,2010,9.3,Marineford Arc
14,471,Senmetsu Sakusen Shidou: Pacifista Gundan no Iryoku,2010,9.1,Marineford Arc
14,472,Akainu no Bouryaku! Otoshiirerareta Shirohige,2010,9.2,Marineford Arc
14,473,Houiheki Sadou! Shirohige Kaizokudan Zettaizetsumei!!,2010,9.2,Marineford Arc
14,474,Shokei Shikkou Shirei Kudaru: Houiheki o Toppa Seyo!,2010,9.4,Marineford Arc
14,475,Saishuu Kyokumen Totsunyuu! Shirohige Kishikaisei no Itte,2010,9.3,Marineford Arc
14,476,Luffy Chikaratsuku! Oris Hiroba no Souryokusen!!,2010,9.2,Marineford Arc
14,477,Inochi o Kezuru Chikara: Tension Hormone Futatabi,2010,9.2,Marineford Arc
14,478,Yakusoku no Tame ni!! Gekitou! Luffy to Coby,2010,9.3,Marineford Arc
14,479,Shokeidai Mokuzen! Hirakareta Ace e no Michi!!,2010,9.2,Marineford Arc
14,480,Sorezore no Eranda Michi: Luffy vs Garp!,2010,9.4,Marineford Arc
14,481,Ace Kyuushutsu! Shirohige Saigo no Senchou Meirei!,2010,9.5,Marineford Arc
14,482,Hi o mo Yaki Tsukusu Chikara: Akainu Hijou no Tsuigeki,2011,9.5,Marineford Arc
14,483,Kotae o Sagashite: Hiken Ace Senjou ni Shisu,2011,9.6,Marineford Arc
14,484,Kaigun Honbu Houkai! Shirohige Kotobanaki Ikari!,2011,9.6,Marineford Arc
14,485,Kejime o Tsukeru: Shirohige vs Kurohige Kaizokudan,2011,9.6,Marineford Arc
14,486,Show no Kaimaku: Akasareta Kurohige no Takurami,2011,9.4,Marineford Arc
14,487,Akainu no Shuunen! Luffy o Osou Magma no Kobushi,2011,9.3,Marineford Arc
14,488,Hisshi no Sakebi: Unmei o Kaeru Yuuki Aru Suubyou,2011,9.5,Marineford Arc
14,489,Shanks Kenzan! Choujou Sensou Tsui ni Shuuketsu,2011,9.5,Marineford Arc
14,490,"Gun'yuu Kakkyo Su! ""Atarashii Jidai"" no Hajimari!",2011,8.9,Post-War Arc
14,491,Nyougashima Jouriku: Luffy o Semeru Kakoku na Genjitsu,2011,8.9,Post-War Arc
14,492,"Saikyou Tag! Funtou, Luffy to Toriko!",2011,6.2,Post-War Arc
14,493,Luffy to Ace: Kyoudai no Deai no Monogatari!,2011,8.8,Post-War Arc
14,494,Sabo Toujou! Gray Terminal no Shounen,2011,8.7,Post-War Arc
14,495,Ore wa Nigenai: Ace Kesshi no Kyuushutsu Sakusen,2011,8.4,Post-War Arc
14,496,Itsuka Umi e! Sannin no Akudou Chikai no Sakazuki!,2011,8.6,Post-War Arc
14,497,Dadan Ikka to no Wakare!? Kansei! Himitsu Kichi,2011,8.4,Post-War Arc
14,498,Luffy Deshiiri!? Kaizoku Ou to Tatakatta Otoko!,2011,7.9,Post-War Arc
14,499,Ootora to no Kessen! Senchou ni Naru no wa Dare Da!,2011,7.8,Post-War Arc
14,500,Ubawareta Jiyuu! Sankyoudai ni Semaru Kizoku no Wana,2011,8.3,Post-War Arc
14,501,Hanatareta Honoo: Gray Terminal no Kiki,2011,8.3,Post-War Arc
14,502,Jiyuu wa Doko ni Aru? Shounen no Kanashiki Funade,2011,8.3,Post-War Arc
14,503,Yoroshiku Tanomu! Kyoudai kara Todoita Tegami!,2011,9.1,Post-War Arc
14,504,Yakusoku o Hatasu Tame: Sorezore no Tabidachi!,2011,8.6,Post-War Arc
14,505,Aitsura ni Aitee! Luffy Namida no Sakebi,2011,9.0,Post-War Arc
14,506,Mugiwara no Ichimi Gekishin! Motarasareta Kyouhou,2011,8.4,Post-War Arc
14,507,Meiou Rayleigh to no Saikai: Luffy Ketsudan no Toki,2011,8.4,Post-War Arc
14,508,Senchou no Moto e: Sorajima no Datsugoku to Fuyujima no Jiken,2011,7.6,Post-War Arc
14,509,Sesshoku! Daikengou Mihawk: Zoro Iji no Shitou,2011,8.0,Post-War Arc
14,510,Sanji no Junan: Oukoku e to Kikan Shita Joou!,2011,7.8,Post-War Arc
14,511,Masaka no Saijouriku! Luffy Marineford e!,2011,8.1,Post-War Arc
14,512,Nakama ni Todoke: Kakemeguru Dai News!,2011,8.0,Post-War Arc
14,513,Ugokidasu Kaizoku-tachi! Kyoutendouchi no Shinsekai,2011,7.6,Post-War Arc
14,514,Jigoku o Ikinuke: Sanji Otoko o Kaketa Shoubu,2011,7.5,Post-War Arc
14,515,Madamada Tsuyoku Naru! Zoro Senchou e no Chikai,2011,8.0,Post-War Arc
14,516,Luffy Shugyou Kaishi: 2-nengo ni Yakusoku no Basho de,2011,9.2,Post-War Arc
15,517,Shinshou Kaimaku: Saishuuketsu! Mugiwara no Ichimi,2011,9.2,Return to Sabaody Arc
15,518,Isshokusokuhatsu! Luffy Tai Nise Luffy,2011,8.6,Return to Sabaody Arc
15,519,Kaigun Shutsudou: Nerawareta Mugiwara no Ichimi,2011,8.4,Return to Sabaody Arc
15,520,Oomono Shuuketsu: Nise Mugiwara Ichimi no Kyoui,2011,8.3,Return to Sabaody Arc
15,521,Sentou Kaishi! Misero Shugyou no Seika!,2011,9.3,Return to Sabaody Arc
15,522,Zen'in Shuugou: Luffy Shinsekai e no Funade,2011,8.9,Return to Sabaody Arc
15,523,Kyougaku no Shinjitsu: Sunny-gou o Mamotta Otoko,2011,8.4,Fishman Island Arc
15,524,Kaichuu no Shitou: Arawareta Oounabara no Akuma,2011,7.7,Fishman Island Arc
15,525,Shinkai de Sounan: Hagureta Mugiwara no Ichimi,2011,7.8,Fishman Island Arc
15,526,Kaitei Kazan Funka! Nagasarete Gyojintou,2011,7.8,Fishman Island Arc
15,527,Gyojintou Jouriku: Uruwashiki Ningyo-tachi,2011,7.8,Fishman Island Arc
15,528,Koufun Bakuhatsu! Sanji Seimei no Kiki!,2011,7.6,Fishman Island Arc
15,529,Gyojintou Metsubou!? Sharley no Yogen,2011,7.5,Fishman Island Arc
15,530,Gyojintou no Ou: Kaishin Neptune!,2012,7.7,Fishman Island Arc
15,531,Ryuuguujou! Tasuketa Same ni Tsurerarete,2012,7.4,Fishman Island Arc
15,532,Yowamushi de Nakimushi! Koukakutou no Ningyo Hime,2012,7.5,Fishman Island Arc
15,533,Kinkyuu Jitai Hassei: Senkyo Sareta Ryuuguujou,2012,7.5,Fishman Island Arc
15,534,Ryuuguujou Gekishin! Shirahoshi Yuukai Jiken,2012,7.7,Fishman Island Arc
15,535,Hody Shuurai: Fukushuu Keikaku no Hajimari,2012,7.5,Fishman Island Arc
15,536,Ryuuguujou no Kessen! Zoro Tai Hody,2012,7.9,Fishman Island Arc
15,537,Shirahoshi o Mamore: Decken no Tsuigeki,2012,7.9,Fishman Island Arc
15,538,Ichimi Haiboku!? Hody Ryuuguujou Seiatsu,2012,7.8,Fishman Island Arc
15,539,Yomigaeru Innen! Nami to Gyojin Kaizokudan!,2012,7.6,Fishman Island Arc
15,540,Dorei Kaihou no Eiyuu: Boukenka Tiger,2012,7.8,Fishman Island Arc
15,541,Kizaru Toujou! Tiger o Nerau Wana!,2012,8.2,Fishman Island Arc
15,542,Team Kessei! Chopper o Sukue,2012,6.3,Fishman Island Arc
15,543,Eiyuu no Saigo: Tiger Shougeki no Shinjitsu,2012,8.1,Fishman Island Arc
15,544,Kaizokudan Bunretsu: Jinbe Tai Arlong,2012,7.7,Fishman Island Arc
15,545,Yureru Gyojintou! Hyouchaku Shita Tenryuubito,2012,7.5,Fishman Island Arc
15,546,Totsuzen no Higeki! Mirai o Tozasu Kyoudan,2012,7.9,Fishman Island Arc
15,547,Futatabi Genzai e! Ugokidasu Hody,2012,7.8,Fishman Island Arc
15,548,Oukoku Gekishin: Neptune Shokei Shirei,2012,7.8,Fishman Island Arc
15,549,Shoujita Kiretsu! Luffy Tai Jinbe,2012,7.9,Fishman Island Arc
15,550,Hody no Ihen: Kyouyaku no Shin no Chikara!,2012,7.4,Fishman Island Arc
15,551,Kessen Hajimaru: Gyoncorde Hiroba!,2012,7.4,Fishman Island Arc
15,552,Shougeki no Kokuhaku: Otohime Ansatsu no Shinjitsu,2012,7.4,Fishman Island Arc
15,553,Shirahoshi no Namida! Luffy Tsui ni Toujou,2012,8.1,Fishman Island Arc
15,554,Dai Gekitotsu! Mugiwara Ichimi VS 10 Man no Teki,2012,9.1,Fishman Island Arc
15,555,Oowaza Sakuretsu! Zoro Sanji Shutsugeki!,2012,7.9,Fishman Island Arc
15,556,Hatsu Hirou! Sunny Gou no Himitsu Heiki!,2012,7.7,Fishman Island Arc
15,557,Iron Pirate! Franky Shougun Toujou,2012,7.6,Fishman Island Arc
15,558,Noah Sekkin! Gyojintou Kaimetsu no Kiki!,2012,7.4,Fishman Island Arc
15,559,Isoge Luffy! Shirahoshi Zettaizetsumei,2012,7.3,Fishman Island Arc
15,560,Gekitou Kaishi! Luffy Tai Hody!,2012,7.5,Fishman Island Arc
15,561,Dairansen! Ichimi Tai Shin Gyojin Kaizokudan!,2012,7.5,Fishman Island Arc
15,562,Luffy Haiboku!? Hody Fukushuu no Toki,2012,7.2,Fishman Island Arc
15,563,Shougeki no Jijitsu! Hody no Shoutai!,2012,7.2,Fishman Island Arc
15,564,Zero ni! Luffy e no Atsuki Negai!,2012,7.4,Fishman Island Arc
15,565,Luffy Konshin no Ichigeki! Red Hawk Sakuretsu,2012,7.9,Fishman Island Arc
15,566,Tsui ni Kecchaku! Hody Saishuu Kessen,2012,7.7,Fishman Island Arc
15,567,Tomare Noah! Kesshi no Elephant Gatling!,2012,7.6,Fishman Island Arc
15,568,Mirai e! Taiyou e to Tsuzuku Michi!,2012,7.7,Fishman Island Arc
15,569,Akasareta Himitsu: Kodai Heiki no Shinjitsu,2012,7.5,Fishman Island Arc
15,570,Okashizuki! Yonkou Big Mom,2012,7.9,Fishman Island Arc
15,571,Z no Yabou Hen: Luffy VS Shuzo!,2012,6.9,Fishman Island Arc
15,572,Zento Tanan: Shin Sekai ni Machiukeru Wana,2012,7.7,Fishman Island Arc
15,573,Tsui ni Shukkou! Sayonara Gyojin-tou,2012,7.6,Fishman Island Arc
15,574,Shin Sekai e! Saikyou no Umi o Mezashite,2012,7.6,Fishman Island Arc
15,575,Ichimi Kyougaku! Aratanaru Kaigun Gensui!,2012,8.1,Z's Ambition Arc
15,576,Z no Yabou Hen: Chiisana Kyojin Lily!,2012,7.2,Z's Ambition Arc
15,577,Z no Yabou Hen: Nazo no Saikyou Gundan Toujou!,2012,7.2,Z's Ambition Arc
15,578,Z no Yabou Hen: Kesshi no Dai Dasshutsu Sakusen!,2012,7.2,Z's Ambition Arc
16,579,Jouriku! Moeru Shima Punk Hazard,2013,7.7,Punk Hazard Arc
16,580,Shakunetsu no Tatakai! Luffy Tai Kyodai Ryuu!,2013,7.5,Punk Hazard Arc
16,581,Ichimi Souzen! Shougeki no Kubi dake Samurai Toujou!,2013,7.3,Punk Hazard Arc
16,582,Kyougaku! Tsui ni Akasareru Shima no Himitsu,2013,7.4,Punk Hazard Arc
16,583,Kodomo-tachi o Sukue! Ichimi Sentou Kaishi,2013,7.3,Punk Hazard Arc
16,584,Kenjutsu Shoubu: Brook Tai Nazo no Doutai Samurai,2013,7.7,Punk Hazard Arc
16,585,Shichibukai! Trafalgar Law,2013,7.8,Punk Hazard Arc
16,586,Dai Pinch: Luffy Gokkan no Mizuumi ni Shizumu,2013,7.8,Punk Hazard Arc
16,587,Gekitotsu! Law VS Smoker Chuujou,2013,8.3,Punk Hazard Arc
16,588,2 Nenburi no Saikai! Luffy to Law,2013,7.8,Punk Hazard Arc
16,589,Sekai Saiaku Kyoufu no Kagakusha Caesar,2013,7.4,Punk Hazard Arc
16,590,Jijou Saikyou Colabo VS Umi no Taishokukan,2013,5.9,Punk Hazard Arc
16,591,Chopper Gekido Master Hidounaru Jikken,2013,7.5,Punk Hazard Arc
16,592,Ichimi Massatsu! Densetsu no Koroshiya Raishuu!,2013,7.3,Punk Hazard Arc
16,593,Nami o Sukue! Luffy Yukiyama no Tatakai,2013,7.7,Punk Hazard Arc
16,594,Kessei! Luffy-Law Kaizoku Doumei!,2013,7.8,Punk Hazard Arc
16,595,Master o Toraero: Kaizoku Doumei Sakusen Kaishi!,2013,7.5,Punk Hazard Arc
16,596,Zenmetsu no Kiki: Shi no Monster Hirai,2013,7.5,Punk Hazard Arc
16,597,Dai-Gekisen: Caesar Shin no Nouryoku Hatsudou!,2013,8.0,Punk Hazard Arc
16,598,Honoo Kirisaku Samurai! Kitsunebi no Kin'emon!,2013,7.6,Punk Hazard Arc
16,599,Shougeki! Nazo no Otoko Vergo no Shoutai!,2013,7.7,Punk Hazard Arc
16,600,Kodomo-tachi o Mamore! Semaru Master no Ma no Te,2013,7.4,Punk Hazard Arc
16,601,Shin Sekai Gekishin: Caesar Akumu no Jikken,2013,7.5,Punk Hazard Arc
16,602,Shijou Saiaku no Satsuriku Heiki! Shinokuni,2013,7.6,Punk Hazard Arc
16,603,Hangeki Kaishi! Luffy-Law Daidasshutsu,2013,7.8,Punk Hazard Arc
16,604,Mezase R-tou! Kaizoku Doumei Kaishingeki!,2013,7.6,Punk Hazard Arc
16,605,Tashigi no Namida: G-5 Kesshi no Toppa Sakusen,2013,7.5,Punk Hazard Arc
16,606,Uragiri no Chuujou! Kichiku no Vergo,2013,7.5,Punk Hazard Arc
16,607,Hakunetsu no Gekisen: Luffy VS Caesar,2013,8.1,Punk Hazard Arc
16,608,Yami no Kuromaku! Doflamingo Ugoku!,2013,7.7,Punk Hazard Arc
16,609,Luffy Toushi!? Kyoufu no Yukionna Monet!,2013,7.7,Punk Hazard Arc
16,610,Butsukaru Kobushi! Futari no Chuujou no Tatakai,2013,7.5,Punk Hazard Arc
16,611,Chiisana Dragon! Momonosuke Arawaru,2013,7.5,Punk Hazard Arc
16,612,Fubuki no Shitou: Mugiwara no Ichimi Tai Yukionna,2013,7.7,Punk Hazard Arc
16,613,Ougi Sakuretsu! Zoro Saikyou no Ittou-ryuu!,2013,8.8,Punk Hazard Arc
16,614,Tomodachi o Mamoru! Mocha Inochi-gake no Tousou,2013,7.8,Punk Hazard Arc
16,615,Chahige Hitsuu! Luffy Ikari no Ichigeki,2013,7.9,Punk Hazard Arc
16,616,Shougeki no Kecchaku! Smoker Tai Vergo!,2013,9.1,Punk Hazard Arc
16,617,Caesar Gekiha! Saikyou no Grizzly Magnum,2013,8.1,Punk Hazard Arc
16,618,Shuurai! Dressrosa kara no Shikaku,2013,7.7,Punk Hazard Arc
16,619,Ooabare! Muteki no Franky Shougun,2013,7.8,Punk Hazard Arc
16,620,Zettai Zetsumei! Punk Hazard Dai-Bakuhatsu,2013,7.9,Punk Hazard Arc
16,621,Caesar o Hokaku-seyo - General Canon Sakuretsu,2013,8.0,Punk Hazard Arc
16,622,Kandou no Saikai! Momonosuke to Kin'emon,2013,7.8,Punk Hazard Arc
16,623,Sekibetsu no Toki - Punk Hazard Shukkou!,2013,7.7,Punk Hazard Arc
16,624,G-5 Kaimetsu! Doflamingo Kyuushuu!,2013,8.3,Punk Hazard Arc
16,625,Kinpaku! Aokiji tai Doflamingo,2013,8.1,Punk Hazard Arc
16,626,Kieta Caesar! Kaizoku Doumei Shutsugeki,2013,7.1,Caesar Retrieval Arc
16,627,Luffy Umi ni Shisu!? Kaizoku Doumei Houkai,2014,7.1,Caesar Retrieval Arc
16,628,Daigyakuten! Sakuretsu Luffy Ikari no Tekken,2014,6.9,Caesar Retrieval Arc
17,629,Gekishin! Shinsekai Ugokasu Dai News,2014,8.6,Dressrosa Arc
17,630,Bouken! Ai to Jounetsu no Kuni Dressrosa,2014,8.5,Dressrosa Arc
17,631,Nekkyou Uzumaku: Corrida Colosseum,2014,8.6,Dressrosa Arc
17,632,Kiken na Koi: Odoriko Violet,2014,8.4,Dressrosa Arc
17,633,Saikyou no Mumei Senshi! Lucy Toujou,2014,8.4,Dressrosa Arc
17,634,Kaizoku Kikoushi Cavendish,2014,8.5,Dressrosa Arc
17,635,Unmei no Saikai: Hyena no Bellamy,2014,8.5,Dressrosa Arc
17,636,Choushinsei! Hitokui no Bartolomeo,2014,8.6,Dressrosa Arc
17,637,Gun'yuu Kakkyo! Hakunetsu no B Block!,2014,8.5,Dressrosa Arc
17,638,Ichigeki Hissatsu! Kyoui no King Punch,2014,8.6,Dressrosa Arc
17,639,Tougyo Shuurai! Shi no Tekkyou o Toppa Seyo,2014,8.4,Dressrosa Arc
17,640,Bouken! Yousei no Shima Green Bit,2014,8.0,Dressrosa Arc
17,641,Shirarezaru Sekai Tontatta Oukoku,2014,8.0,Dressrosa Arc
17,642,Seiki no Bouryaku: Doflamingo Ugoku,2014,8.9,Dressrosa Arc
17,643,Tenchi Yurugasu! Taishou Fujitora no Jitsuryoku,2014,8.9,Dressrosa Arc
17,644,Ikari no Ichigeki! Kyojin vs Lucy,2014,8.5,Dressrosa Arc
17,645,Hakai-hou Sakuretsu! Lucy Kikiippatsu,2014,8.0,Dressrosa Arc
17,646,Densetsu no Kaizoku - Don Chinjao!,2014,9.1,Dressrosa Arc
17,647,Hikari to Kage - Dressrosa ni Hisomu Yami!,2014,8.2,Dressrosa Arc
17,648,Shutsugeki - Densetsu no Hero Usoland,2014,8.2,Dressrosa Arc
17,649,Gekisen Kecchaku! Lucy VS Chinjao!,2014,8.9,Dressrosa Arc
17,650,Luffy to Shukumei no Ken Toushi Rebecca,2014,8.5,Dressrosa Arc
17,651,Mamorinuku! Rebecca to Omocha no Heitai,2014,8.5,Dressrosa Arc
17,652,Saigo no Chou Gekisen Ku - D Block Kaisen,2014,8.1,Dressrosa Arc
17,653,Kessen! Joura vs Mugiwara no Ichimi,2014,8.1,Dressrosa Arc
17,654,Yoshiken! Hakuba no Cavendish,2014,8.5,Dressrosa Arc
17,655,Dai Kessen! Sanji VS Doflamingo,2014,8.9,Dressrosa Arc
17,656,Rebecca no Shi no Ken! Haisui no Kenbu,2014,8.4,Dressrosa Arc
17,657,Saikyou no Senshi! Logan vs Rebecca,2014,8.2,Dressrosa Arc
17,658,Shougeki! Omocha no Heitai no Shoutai!,2014,8.5,Dressrosa Arc
17,659,Senritsu no Kako! Dressrosa no Himitsu,2014,8.7,Dressrosa Arc
17,660,Akumu! Dressrosa Higeki no Ichiya,2014,8.7,Dressrosa Arc
17,661,Shichibukai Taiketsu Law VS Doflamingo,2014,9.2,Dressrosa Arc
17,662,Ryouyuu Aimamieru! Mugiwara to Ten Yasha,2014,9.2,Dressrosa Arc
17,663,Luffy Kyougaku: Ace no Ishi o Tsugu Otoko,2014,9.5,Dressrosa Arc
17,664,SOP Sakusen Kaishi: Usoland Totsugeki,2014,8.2,Dressrosa Arc
17,665,Atsuki Omoi - Rebecca vs Suleiman,2014,8.1,Dressrosa Arc
17,666,Shousha Kettei!? D Block Shougeki no Ketsumatsu,2014,8.5,Dressrosa Arc
17,667,Taishou no Ketsudan - Fujitora vs Doflamingo,2014,8.6,Dressrosa Arc
17,668,Kesshou Kaishi: Eiyuu Diamante Toujou,2014,8.4,Dressrosa Arc
17,669,Ugoku Shiro! Saikou Kanbu Pica Shutsugen,2014,8.4,Dressrosa Arc
17,670,Ryuu no Tsume Sakuretsu! Lucy Kyoui no Ichigeki!,2014,8.7,Dressrosa Arc
17,671,Tatou Sugar: Kodomo no Heitai Totsugeki!,2014,8.5,Dressrosa Arc
17,672,Saigo no Hikari: Warera ga Taichou no Himitsu!,2014,8.5,Dressrosa Arc
17,673,Panku Ningen: Gladius Dai Bakuhatsu!,2014,8.4,Dressrosa Arc
17,674,Usotsuki Usoland Tousouchuu!,2014,8.6,Dressrosa Arc
17,675,Unmei no Deai: Kyros to Riku Ou,2014,8.9,Dressrosa Arc
17,676,Sakusen Shippai! Eiyuu Usoland Shisu!?,2014,8.9,Dressrosa Arc
17,677,Densetsu Fukkatsu! Kyros Konshin no Ichigeki,2015,9.3,Dressrosa Arc
17,678,Kaken Sakuretsu! Fukkatsu Meramera no Mi no Chikara,2015,9.4,Dressrosa Arc
17,679,Sassou Toujou: Kakumeigun Sanbou Souchou Sabo!,2015,8.9,Dressrosa Arc
17,680,Akuma no Wana: Dressrosa Senmetsu Sakusen,2015,9.0,Dressrosa Arc
17,681,Go-oku no Otoko: Nerawareta Usoland!,2015,8.7,Dressrosa Arc
17,682,Tekijin Toppa: Luffy Zoro Hangeki Kaishi,2015,8.2,Dressrosa Arc
17,683,Daichi Meidou: Hakai Kami Kyoudai Pica Kourin,2015,8.7,Dressrosa Arc
17,684,Daishuuketsu! Luffy to Kyouaku Senshi Gundan,2015,8.5,Dressrosa Arc
17,685,Kaishingeki! Luffy Gundan vs Pica!,2015,8.7,Dressrosa Arc
17,686,Shougeki Kokuhaku! Law Atsuki Tamashii no Chikai!,2015,8.7,Dressrosa Arc
17,687,Daigekitotsu! Sanbou Souchou Sabo vs Taishou Fujitora,2015,9.0,Dressrosa Arc
17,688,Zettaizetsumei: Wana ni Kakatta Luffy!,2015,8.5,Dressrosa Arc
17,689,Daidasshutsu! Luffy Kishikaisei no Elephant Gun,2015,8.6,Dressrosa Arc
17,690,Kyoudousensen: Luffy Shouri e no Toppakou,2015,8.1,Dressrosa Arc
17,691,Futarime no Samurai: Yuudachi Kanjuurou Toujou,2015,8.2,Dressrosa Arc
17,692,Funtou to no Pica: Zoro Ichi Todome no Ichigeki,2015,8.9,Dressrosa Arc
17,693,Kobito no Hime: Toraware no Mansherry,2015,8.1,Dressrosa Arc
17,694,Fujimi! Kyoufu no Atamawari Ningyou Gundan,2015,8.0,Dressrosa Arc
17,695,Inochi Kakete! Luffy wa Shouri no Kirifuda,2015,8.7,Dressrosa Arc
17,696,Namida no Saikai: Rebecca to Kyros,2015,9.0,Dressrosa Arc
17,697,Ichigeki Hissatsu: Dressrosa o Sukuu Otoko,2015,9.2,Dressrosa Arc
17,698,Ikari Bakuhatsu: Luffy Law Saikyou no Hisaku,2015,9.5,Dressrosa Arc
17,699,Kedakaki Ichizoku! Doflamingo no Shoutai!,2015,9.3,Dressrosa Arc
17,700,Kyuukyoku no Chikara: Op-Op no Jitsu no Himitsu!,2015,9.1,Dressrosa Arc
17,701,Kanashiki Kioku: Shiroi Machi no Shounen Law!,2015,9.2,Dressrosa Arc
17,702,Tenryuubito! Doffy no Souzetsu Naru Kako,2015,9.2,Dressrosa Arc
17,703,Kunan no Michi: Law to Corazon Inochi no Tabi,2015,9.4,Dressrosa Arc
17,704,Toki Sameru! Op-Op no Mi o Ubae!,2015,9.3,Dressrosa Arc
17,705,Kakugo no Toki: Corazon Wakare no Egao!,2015,9.4,Dressrosa Arc
17,706,Yuke Law: Yasashiki Otoko Saigo no Tatakai!,2015,9.6,Dressrosa Arc
17,707,Jiyuu e! Law Injection Shot Sakuretsu,2015,8.8,Dressrosa Arc
17,708,Atsuki Tatakai: Law vs Doflamingo,2015,9.3,Dressrosa Arc
17,709,Kanbu Kessen: Hokori Takaki Hajrudin,2015,8.5,Dressrosa Arc
17,710,Ai no Kessen: Shintouryou Sai tai Baby 5,2015,8.7,Dressrosa Arc
17,711,Otoko no Iji: Bellamy Saigo no Totsugeki!,2015,8.7,Dressrosa Arc
17,712,Shippuudotou: Hakuba tai Dellinger,2015,8.9,Dressrosa Arc
17,713,Baribari: Homage Shinken Hatsudou!,2015,9.1,Dressrosa Arc
17,714,Iyashi no Hime: Mansherry o Sukue!,2015,8.5,Dressrosa Arc
17,715,Otoko no Kettou: Senor Ai no Banka,2015,9.1,Dressrosa Arc
17,716,Shi no Hoshikuzu: Diamante Moukou no Arashi,2015,9.1,Dressrosa Arc
17,717,Trueno Bastardo: Kyros Ikari no Ichigeki,2015,9.1,Dressrosa Arc
17,718,Daichi Oudan: Kyozou Pica Kishuu Sakusen!,2015,8.9,Dressrosa Arc
17,719,Kuuchuu Kessen: Zoro Shin Hissastsu Ougi Sakuretsu!,2015,9.5,Dressrosa Arc
17,720,Abayo! Bellamy Wakare no Ichigeki!,2015,9.1,Dressrosa Arc
17,721,Law Shisu: Luffy Fundo no Moukougeki!,2015,9.1,Dressrosa Arc
17,722,Shuunen no Yaiba: Gyakushuu no Gamma Knife!,2015,9.3,Dressrosa Arc
17,723,Haki Gekitotsu: Luffy tai Doflamingo,2015,9.5,Dressrosa Arc
17,724,Kougeki Funou: Trebol Shougeki no Himitsu,2015,9.1,Dressrosa Arc
17,725,Ikari Bakuhatsu: Ore ga Zenbu Hikiukeru,2016,9.3,Dressrosa Arc
17,726,Gear Fourth! Kyoui no Bounce Man!,2016,9.5,Dressrosa Arc
17,727,Daigyakushuu! Doflamingo no Kakusei!,2016,9.1,Dressrosa Arc
17,728,Luffy! Konshin no Leo Bazooka,2016,9.4,Dressrosa Arc
17,729,Kaen Ryuuou: Luffy no Inochi o Mamorinuke,2016,9.1,Dressrosa Arc
17,730,Kiseki no Namida: Mansherry no Tatakai!,2016,8.4,Dressrosa Arc
17,731,Inochi no Kagiri: Shi no Tori Kago o Tomero!,2016,8.1,Dressrosa Arc
17,732,Sei ka Shi ka: Unmei no Countdown,2016,8.7,Dressrosa Arc
17,733,Ten o Utsu: Luffy Ikari no King Kong Gun,2016,9.4,Dressrosa Arc
17,734,Jiyuu e! Yorokobi no Dressrosa!,2016,8.2,Dressrosa Arc
17,735,Zendaimimon: Taishou Fujitora Shougeki no Ketsudan!,2016,8.9,Dressrosa Arc
17,736,Gekishin Hashiru: Ugokidasu Saiaku no Sedai!,2016,9.2,Dressrosa Arc
17,737,Densetsu Tanjou: Kakumei Senshi Sabo no Bouken!,2016,9.0,Dressrosa Arc
17,738,Kyoudai no Kizuna: Luffy Sabo Saikai Hiwa,2016,9.1,Dressrosa Arc
17,739,Saikyou no Seibutsu: Yonkou - Hyakujuu no Kaidou,2016,9.3,Dressrosa Arc
17,740,Fujitora Ugoku: Mugiwara no Ichimi Kanzen Houimou,2016,8.5,Dressrosa Arc
17,741,Hijoujitai: Sarawareta Rebecca!,2016,8.4,Dressrosa Arc
17,742,Oyako no Kizuna: Kyros to Rebecca!,2016,8.1,Dressrosa Arc
17,743,Otoko no Iji: Luffy tai Fujitora Makkou Shoubu,2016,9.2,Dressrosa Arc
17,744,Nigeba Nashi: Taishou Fujitora Hijou no Tsuigeki!,2016,9.2,Dressrosa Arc
17,745,Kobun no Sakazuki: Kessei! Mugiwara Daisendan!,2016,9.3,Dressrosa Arc
17,746,Gun'yuukakyo: Arekuruu Shinsekai no Kaibutsu-tachi,2016,9.1,Dressrosa Arc
18,747,Gin no Yousai: Luffy to Barto Daibouken,2016,7.1,Silver Mine Arc
18,748,Chika Meikyuu: Luffy tai Torokko Ningen,2016,6.7,Silver Mine Arc
18,749,Kengi Hakunetsu: Law Zoro Tsui ni Kenzan!,2016,6.9,Silver Mine Arc
18,750,Zettaizetsumei: Luffy Kyokugen no Shakunetsu Kessen,2016,7.1,Silver Mine Arc
18,751,"Bouken Kaimaku: Maboroshi no Shima ""Zou"" Touchaku!",2016,7.4,Zou Arc
18,752,Shin Shichi Bukai: Densetsu Shirohige no Musuko Toujou,2016,8.1,Zou Arc
18,753,Kesshi no Tozou: Kyozou no Se no Daibouken!,2016,7.7,Zou Arc
18,754,Sentou Kaishi: Luffy vs Mink-zoku!,2016,7.8,Zou Arc
18,755,Garchuu! Mugiwara no Ichimi Saishuuketsu,2016,7.7,Zou Arc
18,756,Hangeki Kaishi: Guruwara no Ichimi Daikatsuyaku!,2016,7.8,Zou Arc
18,757,Kyoui Shuurai: Hyakujuu Kaizokudan Jack!,2016,7.9,Zou Arc
18,758,Hiru no Ou: Inuarashi Koushaku Toujou!,2016,7.8,Zou Arc
18,759,Yoru no Ou: Nekomamushi no Danna Kenzan,2016,8.4,Zou Arc
18,760,Shuto Kaimetsu: Guruware no Ichimi Jouriku!,2016,8.4,Zou Arc
18,761,Limit Semaru: Mink-zoku to Ichimi no Kizuna!,2016,8.3,Zou Arc
18,762,Akudou Kikyou: Yonkou Big Mom no Shikaku,2016,8.6,Zou Arc
18,763,Shissou no Shinjitsu: Sanji Kyougaku no Shoutaijou,2016,8.9,Zou Arc
18,764,Yarou Domo e: Sanji Wakare no Okitegami,2016,9.0,Zou Arc
18,765,Nekomamushi no Danna ni Ai ni Ikou,2016,7.8,Zou Arc
18,766,Luffy Ketsudan: Sanji Dattai no Kiki!,2016,8.5,Zou Arc
18,767,Isshokusokuhatsu: Inu to Neko to Samurai!,2016,9.2,Zou Arc
18,768,Sanninme! Ninja Kiri no Raizou Toujou,2016,8.4,Zou Arc
18,769,"Akai Ishi! ""One Piece"" e no Michishirube",2016,9.0,Zou Arc
18,770,Wano Kuni no Himitsu: Kouzuki-ke to Rekishi no Ponegliffs,2016,9.2,Zou Arc
18,771,Okoto no Chikai: Luffy to Kouzuki Momonosuke,2017,8.1,Zou Arc
18,772,Densetsu no Koukai: Inu to Neko to Kaizokuou!,2017,8.1,Zou Arc
18,773,Akumu Futatabi: Fujimi no Jack Kyoushuu,2017,8.2,Zou Arc
18,774,Zou Boueisen: Luffy to Zunesha!,2017,8.1,Zou Arc
18,775,Zunesha o Sukue: Mugiwara Rescue Daisakusen!,2017,7.5,Zou Arc
18,776,Wakare no Gezou: Sanji Dakkan no Funade!,2017,7.9,Zou Arc
18,777,Reverie e: Oujo Vivi to Shirahoshi-hime,2017,7.3,Zou Arc
18,778,Reverie e: Rebecca to Sakura Oukoku,2017,7.5,Zou Arc
18,779,Kaidou Futatabi: Kyoui Semaru Saiaku no Sedai!,2017,8.2,Zou Arc
18,780,Harapeko Sensen: Luffy to Kaigun Rookie!,2017,7.4,Marine Rookie Arc
18,781,Shuunen no 3 Nin: Mugiwara Ichimi Dai Chase!,2017,7.5,Marine Rookie Arc
18,782,Akuma no Kobushi: Kessen! Luffy tai Grant,2017,7.6,Marine Rookie Arc
19,783,Sanji Kikyou: Big Mom no Nawabari e!,2017,8.7,Whole Cake Island Arc
19,784,Rei to Yon: Souguu! Germa Double Six,2017,8.6,Whole Cake Island Arc
19,785,Moudoku no Kiki: Luffy to Reiju!,2017,9.1,Whole Cake Island Arc
19,786,Totto Land! Yonkou Big Mom Toujou,2017,8.8,Whole Cake Island Arc
19,787,Yonkou no Musume: Sanji no Fiancee Purin,2017,8.7,Whole Cake Island Arc
19,788,Dai Shingeki! Kui Wazurai no Mom,2017,8.4,Whole Cake Island Arc
19,789,Shuto Houkai!? Big Mom to Jinbee,2017,8.7,Whole Cake Island Arc
19,790,Yonkou No Shiro: Whole Cake Island Touchaku,2017,8.7,Whole Cake Island Arc
19,791,Okashi na Mori: Luffy tai Luffy!?,2017,8.1,Whole Cake Island Arc
19,792,Mom no Shikaku: Luffy to Yuuwaku no Mori!,2017,8.2,Whole Cake Island Arc
19,793,Kaiyuu Kokka: Germa no Ou Judge,2017,8.7,Whole Cake Island Arc
19,794,Oyako Taiketsu: Judge tai Sanji!,2017,8.7,Whole Cake Island Arc
19,795,Kyoudai na Yabou: Big Mom to Caesar,2017,8.5,Whole Cake Island Arc
19,796,Tamashii no Kuni: Mom no Osorubeki Nouryoku!,2017,8.5,Whole Cake Island Arc
19,797,Daikanbu! Sanshousei Cracker Toujou!,2017,8.7,Whole Cake Island Arc
19,798,8 Oku no Teki: Luffy tai Senshu no Cracker,2017,9.0,Whole Cake Island Arc
19,799,Zenryoku Shoubu: Gear Fourth tai Bisbis no Chikara,2017,9.0,Whole Cake Island Arc
19,800,Ichi to Ni: Shuuketsu! Vinsmoke-ke,2017,9.0,Whole Cake Island Arc
19,801,Onjin no Inochi: Sanji to Owner Zeff,2017,8.8,Whole Cake Island Arc
19,802,Ikari no Sanji: Germa Double Six no Himitsu,2017,9.2,Whole Cake Island Arc
19,803,Suteta Kako: Vinsmoke Sanji,2017,9.3,Whole Cake Island Arc
19,804,East Blue e: Sanji Ketsui no Funade,2017,9.6,Whole Cake Island Arc
19,805,Genkai Shoubu: Luffy to Mugen Biscuit,2017,9.2,Whole Cake Island Arc
19,806,Manpuku no Chikara: Shin Gear Fourth Tan Man!,2017,9.4,Whole Cake Island Arc
19,807,Kanashiki Kettou: Luffy tai Sanji (Zenpen),2017,9.1,Whole Cake Island Arc
19,808,Kanashiki Kettou: Luffy tai Sanji (Kouhen),2017,9.6,Whole Cake Island Arc
19,809,Fukushuu no Arashi: Ikari no Gundan Shuurai!,2017,9.3,Whole Cake Island Arc
19,810,Bouken no Owari: Sanji Ketsui no Propose,2017,9.3,Whole Cake Island Arc
19,811,Koko de Matsu: Luffy tai Ikari no Gundan,2017,9.3,Whole Cake Island Arc
19,812,Chateau Sennyuu: Ubae! Road Ponegliff,2017,9.3,Whole Cake Island Arc
19,813,Innnen no Taimen: Luffy to Big Mom!,2017,9.2,Whole Cake Island Arc
19,814,Tamashii no Sakebi: Brook & Pedro Dengeki Sakusen,2017,9.1,Whole Cake Island Arc
19,815,Sayonara: Purin Namida no Ketsui,2017,9.3,Whole Cake Island Arc
19,816,Hidari Me no Innen: Pedro tai Tamago-Danshaku,2017,9.3,Whole Cake Island Arc
19,817,Shikemoku: Sanji no Kekkon Zen'ya,2017,9.6,Whole Cake Island Arc
19,818,Fukutsu no Soul: Brook tai Big Mom,2017,9.4,Whole Cake Island Arc
19,819,Sora no Negai: Germa no Shippaisaku Sanji,2017,9.4,Whole Cake Island Arc
19,820,Sanji no Moto e: Luffy Gyakushuu no Dai Gekisou!,2018,9.3,Whole Cake Island Arc
19,821,Chateau Douran: Luffy Yakusoku no Basho e,2018,9.1,Whole Cake Island Arc
19,822,Wakare no Ketsui: Sanji to Mugiwara Bentou,2018,8.6,Whole Cake Island Arc
19,823,Yonkou no Negaeri: Brook Kyuushutsu Daisakusen!,2018,8.9,Whole Cake Island Arc
19,824,"The Rendezvous! Luffy, a One-on-One at His Limit!",2018,9.1,Whole Cake Island Arc
19,825,A Liar! Luffy and Sanji!!,2018,9.5,Whole Cake Island Arc
19,826,Sanji Comes Back! Crash! The Tea Party from Hell!,2018,9.1,Whole Cake Island Arc
19,827,A Secret Meeting! Luffy vs the Fire Tank Pirates!,2018,8.6,Whole Cake Island Arc
19,828,The Deadly Pact! Luffy & Bege's Allied Forces!,2018,9.0,Whole Cake Island Arc
19,829,Luffy Engages in a Secret Maneuver! The Wedding Full of Conspiracies Starts Soon!,2018,8.7,Whole Cake Island Arc
19,830,The Family Gets Together! The Hellish Tea Party Starts!,2018,9.1,Whole Cake Island Arc
19,831,The Broken Couple! Sanji and Pudding Enter!,2018,8.7,Whole Cake Island Arc
19,832,A Deadly Kiss! The Mission to Assassinate the Emperor Kicks Off!,2018,9.4,Whole Cake Island Arc
19,833,Returning the Sake Cup! The Manly Jimbei Pays His Debt!,2018,9.6,Whole Cake Island Arc
19,834,The Mission Failed?! The Big Mom Pirates Strike Back!,2018,9.3,Whole Cake Island Arc
19,835,"Run, Sanji! SOS! Germa 66!",2018,9.2,Whole Cake Island Arc
19,836,Mom's Secret! The Giant's Island Elbaph and a Little Monster!,2018,8.7,Whole Cake Island Arc
19,837,The Birth of Mom! The Day That Carmel Vanished!,2018,9.2,Whole Cake Island Arc
19,838,The Launcher Blasts! The Moment of Big Mom's Assassination!,2018,8.8,Whole Cake Island Arc
19,839,The Evil Army! Transform! Germa 66!,2018,8.9,Whole Cake Island Arc
19,840,Cutting the Father-Son Relationship! Sanji and Judge!,2018,8.7,Whole Cake Island Arc
19,841,Escape From the Tea Party! Luffy vs Big Mom!,2018,9.1,Whole Cake Island Arc
19,842,"The Execution Begins! Luffy's Allied Forces Are Annihilated?!""",2018,9.1,Whole Cake Island Arc
19,843,The Chateau Collapses! The Straw Hat's Great Escape Begins!,2018,8.7,Whole Cake Island Arc
19,844,The Spear of Elbaph! Onslaught! The Flying Big Mom!,2018,8.5,Whole Cake Island Arc
19,845,Pudding's Determination! Ablaze! The Seducing Woods!,2018,8.7,Whole Cake Island Arc
19,846,A Lightning Counterattack! Nami and Zeus the Thundercloud!,2018,8.7,Whole Cake Island Arc
19,847,A Coincidental Reunion! Sanji and the Lovestruck Evil Pudding!,2018,8.7,Whole Cake Island Arc
19,848,Save the Sunny! Fighting Bravely! Chopper and Brook!,2018,8.7,Whole Cake Island Arc
19,849,"Before the Dawn! Pedro, the Captain of the Guardians!",2018,9.5,Whole Cake Island Arc
19,850,"I'll Be Back! Luffy, Deadly Departure!",2018,9.5,Whole Cake Island Arc
19,851,"The Man with a Bounty of Billion! The Strongest Sweet General, Katakuri!",2018,9.2,Whole Cake Island Arc
19,852,A Hard Battle Starts! Luffy vs Katakuri!,2018,9.3,Whole Cake Island Arc
19,853,"The Green Room! An Invincible Helmsman, Jimbei!",2018,9.0,Whole Cake Island Arc
19,854,The Threat of the Mole! Luffy's Silent Fight!,2018,9.2,Whole Cake Island Arc
19,855,The End of the Deadly Battle?! Katakuri's Awakening in Anger!,2018,9.0,Whole Cake Island Arc
19,856,The Forbidden Secret! Katakuri's Merienda!,2018,9.5,Whole Cake Island Arc
19,857,Luffy Fights Back! The Invincible Katakuri's Weak Point!,2018,9.2,Whole Cake Island Arc
19,858,Another Crisis! Gear Four vs Unstoppable Donuts!,2018,8.7,Whole Cake Island Arc
19,859,"The Rebellious Daughter, Chiffon! Sanji's Big Plan for Transporting the Cake!",2018,8.2,Whole Cake Island Arc
19,860,The Cake Sank?! Sanji and Bege's Getaway Battle!,2018,8.5,Whole Cake Island Arc
19,861,The Cake Sank?! Sanji and Bege's Getaway Battle!,2018,8.3,Whole Cake Island Arc
19,862,Sulong! Carrot's Big Mystic Transformation!,2018,9.3,Whole Cake Island Arc
19,863,Break Through! The Straw Hat's Mighty Sea Battle!,2018,8.8,Whole Cake Island Arc
19,864,Finally Clash - Yonko VS Straw Hat Crew,2018,9.1,Whole Cake Island Arc
19,865,Dark King's Direct Precepts! The Battle Against Katakuri Turns Around!,2018,9.0,Whole Cake Island Arc
19,866,"Finally He Returns! Sanji, the Man Who'll Stop the Emperor of the Sea!",2018,8.7,Whole Cake Island Arc
19,867,Lurking in the Darkness! An Assassin Targeting Luffy!,2019,9.0,Whole Cake Island Arc
19,868,One Man's Determination! Katakuri's Deadly Big Fight!,2019,9.5,Whole Cake Island Arc
19,869,Wake Up! The Color of Observation Able to Top the Strongest!,2019,9.4,Whole Cake Island Arc
19,870,A Fist of Divine Speed! Another Gear Four Application Activated!,2019,9.5,Whole Cake Island Arc
19,871,Finally Concluded - An Outcome of the Fierce Battle with Katakuri,2019,9.5,Whole Cake Island Arc
19,872,A Desperate Situation! The Iron-Tight Entrapment of Luffy!,2019,9.2,Whole Cake Island Arc
19,873,Pulling Back from the Brink! The Formidable Reinforcements - Germa!,2019,9.3,Whole Cake Island Arc
19,874,The Last Hope! The Sun Pirates Emerge!,2019,9.1,Whole Cake Island Arc
19,875,A Fascinating Taste - Sanji's Cake of Happiness,2019,9.1,Whole Cake Island Arc
19,876,"The Man of Humanity and Justice - Jinbe, a Desperate Massive Ocean Current",2019,9.2,Whole Cake Island Arc
19,877,Time for Farewell! Pudding's One Last Request!,2019,9.5,Whole Cake Island Arc
19,878,The World in Shock! The Fifth Emperor of the Sea Arrives!,2019,8.9,Levely Arc
19,879,To the Levely! Gathering of the Straw Hat Allies!,2019,7.9,Levely Arc
19,880,Sabo Goes into Action! All the Captains of the Revolutionary Army Appear!,2019,8.2,Levely Arc
19,881,Going into Action! The Implacable New Admiral of the Fleet - Sakazuki,2019,6.4,Levely Arc
19,882,The Paramount War! The Inherited Will of the King of the Pirates!,2019,6.7,Levely Arc
19,883,One Step Ahead of the Dream - Shirahoshi's Path to the Sun!,2019,6.8,Levely Arc
19,884,I Miss Him! Vivi and Rebecca's Sentiments!,2019,6.9,Levely Arc
19,885,In the Dark Recesses of the Holyland! A Mysterious Giant Straw Hat!,2019,7.6,Levely Arc
19,886,The Uproarious Holy Land - Princess Shirahoshi is being targeted!,2019,7.4,Levely Arc
19,887,On the Verge - The Two Yonko Targeting Luffy,2019,8.9,Levely Arc
19,888,Sabo Gets Angry - Tragedy of the Revolutionary Army Officer Kuma,2019,8.1,Levely Arc
19,889,"Finally, It Starts! The Conspiracy-filled Reverie!",2019,7.9,Levely Arc
20,890,Marco! The Keeper of Whitebeard's Last Memento!,2019,7.8,Wano Country Arc: Act 1
20,891,Climbing Up a Waterfall! A Great Journey Through the Land of Wano's Sea Zone!,2019,9.2,Wano Country Arc: Act 1
20,892,Wano Country! To the Land of Dancing Sakura and Samurai,2019,9.6,Wano Country Arc: Act 1
20,893,Otama Appears! Luffy vs Kaido's Army!,2019,9.4,Wano Country Arc: Act 1
20,894,He'll Come! The Legend of Ace in the Land of Wano!,2019,9.4,Wano Country Arc: Act 1
20,895,"Side Story! The World's Greatest Bounty Hunter, Cidre!",2019,6.5,Cidre Guild Arc
20,896,Side Story! Clash! Luffy vs  the King of Carbonation!,2019,6.4,Cidre Guild Arc
20,897,"Save Otama! Straw Hat, Bounding through the Wasteland!",2019,9.2,Cidre Guild Arc
20,898,The Headliner! Hawkings the Magician Appears!,2019,9.2,Cidre Guild Arc
20,899,Defeat is Inevitable! The Strawman's Fierce Attack!,2019,9.5,Cidre Guild Arc
20,900,The Greatest Day of My Life! Otama and Her Sweet Red-bean Soup!,2019,9.2,Cidre Guild Arc
20,901,Entering Enemy Territory! The Protagonists Spread into the Town of Bakura!,2019,8.5,Cidre Guild Arc
20,902,The Yokozuna Appears! The Invincible Urashima Goes After Okiku!,2019,8.4,Cidre Guild Arc
20,903,A Climactic Sumo Battle! Straw Hat vs  the Strongest Ever Yokozuna!,2019,7.6,Cidre Guild Arc
20,904,Luffy Rages! Rescue Otama from Danger!,2019,7.7,Cidre Guild Arc
20,905,Fighting for Otama! Fight against Holdem!,2019,9.1,Cidre Guild Arc
20,906,Duel! The Magician and the Surgeon of Death!,2019,9.1,Cidre Guild Arc
20,907,Romance Dawn,2019,6.7,Cidre Guild Arc
20,908,The Coming of the Treasure Ship! Luffytaro Returns the Favor!,2019,9.1,Cidre Guild Arc
20,909,Nazo no Bohyo - Oden Joseki de no Saikai!,2019,9.3,Cidre Guild Arc
20,910,A Legendary Samurai! The Man Who Roger Admired!,2019,9.2,Cidre Guild Arc
20,911,Bringing Down the Emperor of the Sea! A Secret Raid Operation Begins!,2019,8.9,Cidre Guild Arc
20,912,"The Strongest Man in the World! Shutenmaru, the Thieves Brigade Chief!",2019,9.5,Cidre Guild Arc
20,913,Everyone is Annihilated! Kaido's Furious Blast Breath!,2019,9.4,Cidre Guild Arc
20,914,Finally Clashing! The Ferocious Luffy vs Kaido!,2019,9.6,Cidre Guild Arc
20,915,Hakai-teki! Ichigeki Hissatsu no Raimei Hakke!,2019,9.6,Cidre Guild Arc
20,916,Iki-jigoku! Rufi Kutsujoku no Dai Tankutsu-jo,2020,9.2,Cidre Guild Arc
20,917,The Holyland in Tumult! Emperor of the Sea Blackbeard Cackles!,2020,9.3,Cidre Guild Arc
20,918,Ugokidasu - Dato Kaido Daikeikaku!,2020,8.9,Wano Country Arc: Act 2
20,919,Rampage! The Prisoners - Luffy and Kid!,2020,8.9,Wano Country Arc: Act 2
20,920,Dai Hyoban! Sanji no Ohako Soba!,2020,8.5,Wano Country Arc: Act 2
20,921,Goka Kenran - Wano Kuni Ichi no Bijo: Komurasaki,2020,7.7,Wano Country Arc: Act 2
20,922,A Tale of Chivalry! Zoro and Tonoyasu's Little Trip!,2020,8.9,Wano Country Arc: Act 2
20,923,A State of Emergency! Big Mom Closes in!,2020,9.0,Wano Country Arc: Act 2
20,924,The Capital in an Uproar! Another Assassin Targets Sanji!,2020,9.4,Wano Country Arc: Act 2
20,925,Dashing! The Righteous Soba Mask!,2020,9.3,Wano Country Arc: Act 2
20,926,Zettai Zetsumei - Kyoi no Orochi Oniwabanshu,2020,8.7,Wano Country Arc: Act 2
20,927,Shura-jo! Osoreru Daija Shogun Orochi,2020,8.0,Wano Country Arc: Act 2
20,928,The Flower Falls! The Final Moment of the Most Beautiful Woman in the Land of Wano!,2020,8.1,Wano Country Arc: Act 2
20,929,The Bond Between Prisoners! Luffy and Old Man Hyo!,2020,8.0,Wano Country Arc: Act 2
20,930,A Lead Performer! Queen the Plague Emerges!,2020,8.4,Wano Country Arc: Act 2
20,931,Goes up.  Luffy's Desperate Escape!,2020,8.2,Wano Country Arc: Act 2
20,932,Dead or Alive! Queen's Sumo Inferno!,2020,8.7,Wano Country Arc: Act 2
20,933,Gyukimaru! Zoro Fights a Duel on Bandit's Bridge,2020,9.2,Wano Country Arc: Act 2
20,934,A Big Turnover! The Three-Sword Style Overcomes Danger!,2020,9.5,Wano Country Arc: Act 2
20,935,"Zoro, Stunned! The Shocking Identity of the Mysterious Woman!",2020,8.7,Wano Country Arc: Act 2
20,936,Get the Hang of It! The Land of Wano's Haki - Ryuo!,2020,8.6,Wano Country Arc: Act 2
20,937,Tonoyasu! Ebisu's most beloved!,2020,8.6,Wano Country Arc: Act 2
20,938,Shaking the nation.  The identity of Ushimitsu Kozo,2020,8.2,Wano Country Arc: Act 2
20,939,The Straw Hats are running! Save the captive Tonoyasu,2020,9.2,Wano Country Arc: Act 2
20,940,Zoro's Fury! The Truth About the Smile!,2020,9.5,Wano Country Arc: Act 2
20,941,Toko's Tears! Orochi's Pitiless Bullets!,2020,9.3,Wano Country Arc: Act 2
20,942,The Straw Hats Step In! An Uproarious Deadly Battle at the Execution Ground!,2020,9.2,Wano Country Arc: Act 2
20,943,Luffy's Determination! Win Through the Sumo Inferno!,2020,9.1,Wano Country Arc: Act 2
20,944,The Coming of the Storm! Big Mom's Great Rampage!,2020,8.5,Wano Country Arc: Act 2
20,945,A Grudge Over Oshiruko - Luffy Gets into a Desperate Situation,2020,9.2,Wano Country Arc: Act 2
20,946,Stop the Emperor of the Sea! Queen's Secret Plan!,2020,8.4,Wano Country Arc: Act 2
20,947,The Ultimate Weapon! Excite Bullets Aimed at Luffy,2020,8.4,Wano Country Arc: Act 2
20,948,Start Fighting Back! Luffy and the Red Scabbard Samurai!,2020,8.5,Wano Country Arc: Act 2
20,949,We're Here to Win! Luffy's Desperate Scream!,2020,9.3,Wano Country Arc: Act 2
20,950,Warriors' Dream! Luffy's Conquer of Udon!,2020,9.2,Wano Country Arc: Act 2
20,951,Orochi's Pursuers! Ninja Army Corps vs Zoro,2020,9.0,Wano Country Arc: Act 2
20,952,Tension Rises in Onigashima! Two Emperors of the Sea Meet?!,2020,9.2,Wano Country Arc: Act 2
20,953,Hiyori's Confession! Reunion on Oihagi Bridge,2020,9.1,Wano Country Arc: Act 2
20,954,Its Name is Enma! Oden's Meito!,2020,8.9,Wano Country Arc: Act 2
20,955,A New Alliance?! Kaido's Army Gathers,2020,8.5,Wano Country Arc: Act 2
20,956,Ticking Down to the Great Battle! The Straw Hats Go into Combat Mode!,2020,9.3,Wano Country Arc: Act 2
20,957,Big News! The Warlords Attack Incident,2021,9.5,Wano Country Arc: Act 2
20,958,The Legendary Battle! Garp and Roger,2021,9.5,Wano Country Arc: Act 2
20,959,The Promised Port - Opening of Third Act of Wano Country!,2021,9.4,Wano Country Arc: Act 3
20,960,The Greatest Samurai of Wano Country! Kozuki Oden Appears!,2021,9.3,Wano Country Arc: Act 3
20,961,The Crying Apprentice! Oden and Kin'emon!,2021,9.4,Wano Country Arc: Act 3
20,962,Changing Destiny - The Whitebeard Pirates Cast Ashore!,2021,9.5,Wano Country Arc: Act 3
20,963,Oden's Determination! Whitebeard's Trials!,2021,9.5,Wano Country Arc: Act 3
20,964,Whitebeard's Little Brother! Oden's Great Adventure!,2021,9.5,Wano Country Arc: Act 3
20,965,Blades Crossed! Roger and Whitebeard!,2021,9.6,Wano Country Arc: Act 3
20,966,Roger's Wish! A New Journey!,2021,9.5,Wano Country Arc: Act 3
20,967,Devoting His Life! Roger's Adventure,2021,9.6,Wano Country Arc: Act 3
20,968,The Pirate King is Born: Arriving at the Last Island!,2021,9.7,Wano Country Arc: Act 3
20,969,To Wano Country! The Roger Pirates Disband,2021,9.6,Wano Country Arc: Act 3
20,970,Sad News: The Opening of the Great Pirate Era,2021,9.5,Wano Country Arc: Act 3
20,971,Raid! Oden and the Nine Red Scabbards,2021,9.5,Wano Country Arc: Act 3
20,972,The Moment of Conclusion! Oden vs Kaido,2021,9.6,Wano Country Arc: Act 3
20,973,Sentenced to Boil! Oden's Deadly Hour!,2021,9.5,Wano Country Arc: Act 3
20,974,Oden Wouldn't Be Oden If It Wasn't Boiled!,2021,9.6,Wano Country Arc: Act 3
20,975,The Castle on Fire! The Fate of the Kozuki Clan!,2021,9.5,Wano Country Arc: Act 3
20,976,Back to the Present Day! 20 Years Later!,2021,9.5,Wano Country Arc: Act 3
20,977,The Sea Is For Pirates! Raid! To Onigashima,2021,9.5,Wano Country Arc: Act 3
20,978,The Worst Generation Charges in! The Battle of the Stormy Sea,2021,9.5,Wano Country Arc: Act 3
20,979,Good Luck!? Leader Kin'emon's Plot,2021,9.4,Wano Country Arc: Act 3
20,980,A Tearful Promise! The Kidnapped Momonosuke!,2021,9.5,Wano Country Arc: Act 3
20,981,A New Member! Knight of the Sea Jinbe!,2021,9.5,Wano Country Arc: Act 3
20,982,Kaido's Trump Card - Introducing the Tobi Roppo,2021,9.7,Wano Country Arc: Act 3
20,983,The Samurai Warriors' Earnestness! The Straw Hats Land at Onigashima,2021,9.1,Wano Country Arc: Act 3
20,984,Luffy Goes Out of Control?! Sneaking into Kaido's Banquet,2021,8.4,Wano Country Arc: Act 3
20,985,Thinking of O-Tama - Luffy's Furious Strike,2021,8.7,Wano Country Arc: Act 3
20,986,Fighting Music! The Ability to Attack Luffy!,2021,8.5,Wano Country Arc: Act 3
20,987,The Failing Dream? The Plot to Lure Sanji!,2021,9.0,Wano Country Arc: Act 3
20,988,Arrival of Reinforcements! Captain of the Whitebeard Pirates!,2021,9.3,Wano Country Arc: Act 3
20,989,Oath of Man! Fierce Battle of the Brachiotank,2021,9.1,Wano Country Arc: Act 3
20,990,Thunder Bagua! The Appearance of Kaido's Son,2021,9.3,Wano Country Arc: Act 3
20,991,Enemy or Ally? Luffy and Yamato!,2021,8.6,Wano Country Arc: Act 3
20,992,Desire to be Oden! Yamato's Dream!,2021,9.3,Wano Country Arc: Act 3
20,993,Explosive?! The Handcuffs that Shackle Yamato's Freedom!,2021,8.3,Wano Country Arc: Act 3
20,994,The Scabbards Face-off - Kikunojo vs Kanjuro,2021,9.4,Wano Country Arc: Act 3
20,995,Raid! Inheriting Oden's Will,2021,9.8,Wano Country Arc: Act 3
20,996,Onigashima in Tumult! Luffy's All-Out War Begins!,2021,9.6,Wano Country Arc: Act 3
20,997,"The Battle Under the Moon! The Berserker, Sulong the Moon Lion!",2021,9.3,Wano Country Arc: Act 3
20,998,Zeus' Treason?! The Cornered Nami!,2021,9.4,Wano Country Arc: Act 3
20,999,I'll Protect You! Yamato Meets Momonosuke!,2021,8.9,Wano Country Arc: Act 3
20,1000,Overwhelming Strength! The Straw Hats Come Together,2021,9.6,Wano Country Arc: Act 3
20,1001,A Risky Invitation! A Plot to Eliminate Queen,2021,9.7,Wano Country Arc: Act 3
20,1002,A New Rivalry! Nami and Ulti!,2021,8.9,Wano Country Arc: Act 3
